2026-04-28T15:50:53.120-03:00  INFO 11568 --- [BackendCelarisDis] [restartedMain] com.api.BackendCelarisDisApplication     : Starting BackendCelarisDisApplication using Java 17.0.13 with PID 11568 (E:\SpringBoot\workspace\BackendCelarisDis\target\classes started by diazs in E:\SpringBoot\workspace\BackendCelarisDis)
2026-04-28T15:50:53.132-03:00  INFO 11568 --- [BackendCelarisDis] [restartedMain] com.api.BackendCelarisDisApplication     : The following 1 profile is active: "local"
2026-04-28T15:50:53.247-03:00  INFO 11568 --- [BackendCelarisDis] [restartedMain] .e.DevToolsPropertyDefaultsPostProcessor : Devtools property defaults active! Set 'spring.devtools.add-properties' to 'false' to disable
2026-04-28T15:50:53.247-03:00  INFO 11568 --- [BackendCelarisDis] [restartedMain] .e.DevToolsPropertyDefaultsPostProcessor : For additional web related logging consider setting the 'logging.level.web' property to 'DEBUG'
2026-04-28T15:50:54.873-03:00  INFO 11568 --- [BackendCelarisDis] [restartedMain] .s.d.r.c.RepositoryConfigurationDelegate : Bootstrapping Spring Data JPA repositories in DEFAULT mode.
2026-04-28T15:50:55.032-03:00  INFO 11568 --- [BackendCelarisDis] [restartedMain] .s.d.r.c.RepositoryConfigurationDelegate : Finished Spring Data repository scanning in 141 ms. Found 13 JPA repository interfaces.
2026-04-28T15:50:56.425-03:00  INFO 11568 --- [BackendCelarisDis] [restartedMain] o.s.boot.tomcat.TomcatWebServer          : Tomcat initialized with port 8080 (http)
2026-04-28T15:50:56.448-03:00  INFO 11568 --- [BackendCelarisDis] [restartedMain] o.apache.catalina.core.StandardService   : Starting service [Tomcat]
2026-04-28T15:50:56.448-03:00  INFO 11568 --- [BackendCelarisDis] [restartedMain] o.apache.catalina.core.StandardEngine    : Starting Servlet engine: [Apache Tomcat/11.0.15]
2026-04-28T15:50:56.565-03:00  INFO 11568 --- [BackendCelarisDis] [restartedMain] b.w.c.s.WebApplicationContextInitializer : Root WebApplicationContext: initialization completed in 3316 ms
2026-04-28T15:50:56.734-03:00  INFO 11568 --- [BackendCelarisDis] [restartedMain] org.hibernate.orm.jpa                    : HHH008540: Processing PersistenceUnitInfo [name: default]
2026-04-28T15:50:56.847-03:00  INFO 11568 --- [BackendCelarisDis] [restartedMain] org.hibernate.orm.core                   : HHH000001: Hibernate ORM core version 7.2.1.Final
2026-04-28T15:50:57.650-03:00  INFO 11568 --- [BackendCelarisDis] [restartedMain] o.s.o.j.p.SpringPersistenceUnitInfo      : No LoadTimeWeaver setup: ignoring JPA class transformer
2026-04-28T15:50:57.704-03:00  INFO 11568 --- [BackendCelarisDis] [restartedMain] com.zaxxer.hikari.HikariDataSource       : HikariPool-1 - Starting...
2026-04-28T15:50:57.942-03:00  INFO 11568 --- [BackendCelarisDis] [restartedMain] com.zaxxer.hikari.pool.HikariPool        : HikariPool-1 - Added connection com.mysql.cj.jdbc.ConnectionImpl@43f0f0e3
2026-04-28T15:50:57.946-03:00  INFO 11568 --- [BackendCelarisDis] [restartedMain] com.zaxxer.hikari.HikariDataSource       : HikariPool-1 - Start completed.
2026-04-28T15:50:58.037-03:00  WARN 11568 --- [BackendCelarisDis] [restartedMain] org.hibernate.orm.core                   : HHH000511: The 5.5.5 version for [org.hibernate.dialect.MySQLDialect] is no longer supported, hence certain features may not work properly.The minimum supported version is 8.0.0. Check the community dialects project for available legacy versions.
2026-04-28T15:50:58.047-03:00  WARN 11568 --- [BackendCelarisDis] [restartedMain] org.hibernate.orm.deprecation            : HHH90000025: MySQLDialect does not need to be specified explicitly using 'hibernate.dialect' (remove the property setting and it will be selected by default)
2026-04-28T15:50:58.084-03:00  INFO 11568 --- [BackendCelarisDis] [restartedMain] org.hibernate.orm.connections.pooling    : HHH10001005: Database info:
	Database JDBC URL [jdbc:mysql://localhost:3306/celaris]
	Database driver: MySQL Connector/J
	Database dialect: MySQLDialect
	Database version: 5.5.5
	Default catalog/schema: celaris/undefined
	Autocommit mode: undefined/unknown
	Isolation level: REPEATABLE_READ [default REPEATABLE_READ]
	JDBC fetch size: none
	Pool: DataSourceConnectionProvider
	Minimum pool size: undefined/unknown
	Maximum pool size: undefined/unknown
2026-04-28T15:50:59.904-03:00  INFO 11568 --- [BackendCelarisDis] [restartedMain] org.hibernate.orm.core                   : HHH000489: No JTA platform available (set 'hibernate.transaction.jta.platform' to enable JTA platform integration)
2026-04-28T15:50:59.920-03:00  INFO 11568 --- [BackendCelarisDis] [restartedMain] j.LocalContainerEntityManagerFactoryBean : Initialized JPA EntityManagerFactory for persistence unit 'default'
2026-04-28T15:51:00.038-03:00  INFO 11568 --- [BackendCelarisDis] [restartedMain] o.s.d.j.r.query.QueryEnhancerFactories   : Hibernate is in classpath; If applicable, HQL parser will be used.
2026-04-28T15:51:01.786-03:00  WARN 11568 --- [BackendCelarisDis] [restartedMain] JpaBaseConfiguration$JpaWebConfiguration : spring.jpa.open-in-view is enabled by default. Therefore, database queries may be performed during view rendering. Explicitly configure spring.jpa.open-in-view to disable this warning
2026-04-28T15:51:01.909-03:00  WARN 11568 --- [BackendCelarisDis] [restartedMain] .s.a.UserDetailsServiceAutoConfiguration : 

Using generated security password: 33637794-bc9d-496c-9a2b-15c7a28a539e

This generated password is for development use only. Your security configuration must be updated before running your application in production.

2026-04-28T15:51:01.923-03:00  INFO 11568 --- [BackendCelarisDis] [restartedMain] r$InitializeUserDetailsManagerConfigurer : Global AuthenticationManager configured with UserDetailsService bean with name inMemoryUserDetailsManager
2026-04-28T15:51:02.126-03:00 DEBUG 11568 --- [BackendCelarisDis] [restartedMain] o.s.s.web.DefaultSecurityFilterChain     : Will secure any request with filters: DisableEncodeUrlFilter, WebAsyncManagerIntegrationFilter, SecurityContextHolderFilter, HeaderWriterFilter, LogoutFilter, FirebaseAuthFilter, RequestCacheAwareFilter, SecurityContextHolderAwareRequestFilter, AnonymousAuthenticationFilter, SessionManagementFilter, ExceptionTranslationFilter, AuthorizationFilter
2026-04-28T15:51:02.282-03:00 TRACE 11568 --- [BackendCelarisDis] [restartedMain] s.w.s.m.m.a.RequestMappingHandlerMapping : 
	c.a.a.AuthController:
	{POST [/auth/register]}: register(HttpServletRequest)
	{GET [/auth/me]}: me(HttpServletRequest)
	{DELETE [/auth/auth/cleanup]}: cleanup(HttpServletRequest)
	{GET [/auth/productos-sin-precio]}: tieneProductosSinPrecio(HttpServletRequest)
	{POST [/auth/login]}: login(HttpServletRequest)
	{DELETE [/auth/borrar-usuario]}: borrar(HttpServletRequest)
	{POST [/auth/push-token]}: savePushToken(Map,HttpServletRequest)
	{POST [/auth/formulario]}: formulario(FormularioRequest,HttpServletRequest)
	{PUT [/auth/me]}: updateMe(FormularioRequest,HttpServletRequest)
2026-04-28T15:51:02.293-03:00 TRACE 11568 --- [BackendCelarisDis] [restartedMain] s.w.s.m.m.a.RequestMappingHandlerMapping : 
	c.a.a.MercadoPagoController:
	{POST [/mercado-pago/webhook]}: webhook(Map)
	{POST [/mercado-pago/crear-pago]}: crearPago(PagoMp,HttpServletRequest)
2026-04-28T15:51:02.297-03:00 TRACE 11568 --- [BackendCelarisDis] [restartedMain] s.w.s.m.m.a.RequestMappingHandlerMapping : 
	c.a.a.PlanController:
	{POST [/planes/cancelar]}: cancelarPlan(HttpServletRequest)
	{GET [/planes]}: getPlanes()
	{POST [/planes/trial]}: asignarTrial(HttpServletRequest)
	{GET [/planes/mi-plan]}: getMiPlan(HttpServletRequest)
2026-04-28T15:51:02.299-03:00 TRACE 11568 --- [BackendCelarisDis] [restartedMain] s.w.s.m.m.a.RequestMappingHandlerMapping : 
	c.a.a.SoporteController:
	{POST [/soporte]}: enviar(HttpServletRequest,SoporteRequest)
2026-04-28T15:51:02.303-03:00 TRACE 11568 --- [BackendCelarisDis] [restartedMain] s.w.s.m.m.a.RequestMappingHandlerMapping : 
	c.a.c.conClientes:
	{GET [/control/cliente]}: getAll(HttpServletRequest)
2026-04-28T15:51:02.307-03:00 TRACE 11568 --- [BackendCelarisDis] [restartedMain] s.w.s.m.m.a.RequestMappingHandlerMapping : 
	c.a.c.conDeuda:
	{GET [/control/deudas]}: getDeudores(HttpServletRequest)
	{GET [/control/deudas/{idCliente}/historial]}: getHistorial(HttpServletRequest,Integer)
	{PATCH [/control/deudas/pagar]}: pagar(HttpServletRequest,PagoDeudaRequest)
2026-04-28T15:51:02.312-03:00 TRACE 11568 --- [BackendCelarisDis] [restartedMain] s.w.s.m.m.a.RequestMappingHandlerMapping : 
	c.a.c.conProductos:
	{PUT [/control/productos/{nombre}]}: update(HttpServletRequest,String,productos)
	{DELETE [/control/productos/{nombre}]}: delete(HttpServletRequest,String)
	{POST [/control/productos]}: create(HttpServletRequest,productos)
	{GET [/control/productos]}: getAll(HttpServletRequest)
2026-04-28T15:51:02.316-03:00 TRACE 11568 --- [BackendCelarisDis] [restartedMain] s.w.s.m.m.a.RequestMappingHandlerMapping : 
	c.a.c.conRubro:
	{GET [/control/rubro]}: traerRubros()
2026-04-28T15:51:02.318-03:00 TRACE 11568 --- [BackendCelarisDis] [restartedMain] s.w.s.m.m.a.RequestMappingHandlerMapping : 
	c.a.c.conTipoPago:
	{GET [/control/tipoPago]}: tipoPago()
2026-04-28T15:51:02.325-03:00 TRACE 11568 --- [BackendCelarisDis] [restartedMain] s.w.s.m.m.a.RequestMappingHandlerMapping : 
	c.a.c.conVentas:
	{DELETE [/control/ventas/{id}]}: delete(Integer,HttpServletRequest)
	{POST [/control/ventas]}: create(HttpServletRequest,VentaRequest)
	{GET [/control/ventas]}: getAll(HttpServletRequest)
	{GET [/control/ventas/historial]}: getHistorial(HttpServletRequest,LocalDate,String)
	{GET [/control/ventas/reservadas]}: getReservadas(HttpServletRequest)
	{GET [/control/ventas/top-productos]}: getTop(HttpServletRequest)
	{PUT [/control/ventas/{id}/productos]}: editarProductos(Integer,List,HttpServletRequest)
	{PATCH [/control/ventas/{id}/entregar]}: entregar(Integer,HttpServletRequest,ConfirmarEntregaRequest)
2026-04-28T15:51:02.334-03:00 TRACE 11568 --- [BackendCelarisDis] [restartedMain] s.w.s.m.m.a.RequestMappingHandlerMapping : 
	o.s.b.w.a.e.BasicErrorController:
	{ [/error]}: error(HttpServletRequest)
	{ [/error], produces [text/html]}: errorHtml(HttpServletRequest,HttpServletResponse)
2026-04-28T15:51:02.340-03:00 DEBUG 11568 --- [BackendCelarisDis] [restartedMain] s.w.s.m.m.a.RequestMappingHandlerMapping : 36 mappings in 'requestMappingHandlerMapping'
2026-04-28T15:51:02.382-03:00 DEBUG 11568 --- [BackendCelarisDis] [restartedMain] o.s.w.s.handler.SimpleUrlHandlerMapping  : Patterns [/webjars/**, /**] in 'resourceHandlerMapping'
2026-04-28T15:51:02.425-03:00 DEBUG 11568 --- [BackendCelarisDis] [restartedMain] s.w.s.m.m.a.RequestMappingHandlerAdapter : ControllerAdvice beans: 0 @ModelAttribute, 0 @InitBinder, 2 RequestBodyAdvice, 1 ResponseBodyAdvice
2026-04-28T15:51:02.482-03:00 DEBUG 11568 --- [BackendCelarisDis] [restartedMain] .m.m.a.ExceptionHandlerExceptionResolver : ControllerAdvice beans: 0 @ExceptionHandler, 1 ResponseBodyAdvice
2026-04-28T15:51:02.758-03:00  INFO 11568 --- [BackendCelarisDis] [restartedMain] o.s.boot.tomcat.TomcatWebServer          : Tomcat started on port 8080 (http) with context path '/Api-Backend'
2026-04-28T15:51:02.772-03:00  INFO 11568 --- [BackendCelarisDis] [restartedMain] com.api.BackendCelarisDisApplication     : Started BackendCelarisDisApplication in 10.411 seconds (process running for 12.35)
2026-04-28T16:11:17.778-03:00  INFO 11568 --- [BackendCelarisDis] [http-nio-8080-exec-2] o.a.c.c.C.[.[localhost].[/Api-Backend]   : Initializing Spring DispatcherServlet 'dispatcherServlet'
2026-04-28T16:11:17.780-03:00  INFO 11568 --- [BackendCelarisDis] [http-nio-8080-exec-2] o.s.web.servlet.DispatcherServlet        : Initializing Servlet 'dispatcherServlet'
2026-04-28T16:11:17.781-03:00 DEBUG 11568 --- [BackendCelarisDis] [http-nio-8080-exec-2] o.s.web.servlet.DispatcherServlet        : Detected StandardServletMultipartResolver
2026-04-28T16:11:17.781-03:00 DEBUG 11568 --- [BackendCelarisDis] [http-nio-8080-exec-2] o.s.web.servlet.DispatcherServlet        : Detected AcceptHeaderLocaleResolver
2026-04-28T16:11:17.784-03:00 DEBUG 11568 --- [BackendCelarisDis] [http-nio-8080-exec-2] o.s.web.servlet.DispatcherServlet        : Detected org.springframework.web.servlet.view.DefaultRequestToViewNameTranslator@a41eb69
2026-04-28T16:11:17.785-03:00 DEBUG 11568 --- [BackendCelarisDis] [http-nio-8080-exec-2] o.s.web.servlet.DispatcherServlet        : Detected org.springframework.web.servlet.support.SessionFlashMapManager@2ba8d228
2026-04-28T16:11:17.787-03:00 DEBUG 11568 --- [BackendCelarisDis] [http-nio-8080-exec-2] o.s.web.servlet.DispatcherServlet        : enableLoggingRequestDetails='false': request parameters and headers will be masked to prevent unsafe logging of potentially sensitive data
2026-04-28T16:11:17.788-03:00  INFO 11568 --- [BackendCelarisDis] [http-nio-8080-exec-2] o.s.web.servlet.DispatcherServlet        : Completed initialization in 8 ms
2026-04-28T16:11:17.806-03:00 DEBUG 11568 --- [BackendCelarisDis] [http-nio-8080-exec-2] o.s.security.web.FilterChainProxy        : Securing GET /auth/me
2026-04-28T16:11:18.631-03:00 DEBUG 11568 --- [BackendCelarisDis] [http-nio-8080-exec-2] o.s.security.web.FilterChainProxy        : Secured GET /auth/me
2026-04-28T16:11:18.637-03:00 DEBUG 11568 --- [BackendCelarisDis] [http-nio-8080-exec-2] o.s.web.servlet.DispatcherServlet        : GET "/Api-Backend/auth/me", parameters={}
2026-04-28T16:11:18.646-03:00 TRACE 11568 --- [BackendCelarisDis] [http-nio-8080-exec-2] s.w.s.m.m.a.RequestMappingHandlerMapping : Mapped to com.api.auth.AuthController#me(HttpServletRequest)
2026-04-28T16:11:18.690-03:00 DEBUG 11568 --- [BackendCelarisDis] [http-nio-8080-exec-2] o.s.w.s.m.m.a.HttpEntityMethodProcessor  : Using 'application/json', given [*/*] and supported [application/json, application/*+json]
2026-04-28T16:11:18.705-03:00 TRACE 11568 --- [BackendCelarisDis] [http-nio-8080-exec-2] o.s.w.s.m.m.a.HttpEntityMethodProcessor  : Writing [User(id=16, firebaseUid=9iSVqPhARbY550Lwb2fKULgf8mq1, email=giorgiouberti51@gmail.com, tenantId=16, nombre=Giorgio, edad=21, rubro=Bebidas, pushToken=null, frecuenciaDeudores=null, plan=Plan(id=2, nombre=PREMIUM_MENSUAL, precio=30000.00, maxProductos=null, whatsapp=true, contabilidad=true, notificaciones=true, soporte=WHATSAPP), trialExpira=2026-05-18T14:41:38)]
2026-04-28T16:11:18.809-03:00 DEBUG 11568 --- [BackendCelarisDis] [http-nio-8080-exec-2] o.s.web.servlet.DispatcherServlet        : Completed 200 OK
2026-04-28T16:11:19.831-03:00 DEBUG 11568 --- [BackendCelarisDis] [http-nio-8080-exec-1] o.s.security.web.FilterChainProxy        : Securing GET /control/ventas/reservadas
2026-04-28T16:11:19.843-03:00 DEBUG 11568 --- [BackendCelarisDis] [http-nio-8080-exec-1] o.s.security.web.FilterChainProxy        : Secured GET /control/ventas/reservadas
2026-04-28T16:11:19.843-03:00 DEBUG 11568 --- [BackendCelarisDis] [http-nio-8080-exec-1] o.s.web.servlet.DispatcherServlet        : GET "/Api-Backend/control/ventas/reservadas", parameters={}
2026-04-28T16:11:19.844-03:00 TRACE 11568 --- [BackendCelarisDis] [http-nio-8080-exec-1] s.w.s.m.m.a.RequestMappingHandlerMapping : Mapped to com.api.controlador.conVentas#getReservadas(HttpServletRequest)
2026-04-28T16:11:19.848-03:00 DEBUG 11568 --- [BackendCelarisDis] [http-nio-8080-exec-3] o.s.security.web.FilterChainProxy        : Securing GET /control/ventas
2026-04-28T16:11:19.848-03:00 DEBUG 11568 --- [BackendCelarisDis] [http-nio-8080-exec-4] o.s.security.web.FilterChainProxy        : Securing GET /control/ventas/top-productos
2026-04-28T16:11:19.869-03:00 DEBUG 11568 --- [BackendCelarisDis] [http-nio-8080-exec-4] o.s.security.web.FilterChainProxy        : Secured GET /control/ventas/top-productos
2026-04-28T16:11:19.869-03:00 DEBUG 11568 --- [BackendCelarisDis] [http-nio-8080-exec-4] o.s.web.servlet.DispatcherServlet        : GET "/Api-Backend/control/ventas/top-productos", parameters={}
2026-04-28T16:11:19.870-03:00 TRACE 11568 --- [BackendCelarisDis] [http-nio-8080-exec-4] s.w.s.m.m.a.RequestMappingHandlerMapping : Mapped to com.api.controlador.conVentas#getTop(HttpServletRequest)
2026-04-28T16:11:19.875-03:00 DEBUG 11568 --- [BackendCelarisDis] [http-nio-8080-exec-3] o.s.security.web.FilterChainProxy        : Secured GET /control/ventas
2026-04-28T16:11:19.876-03:00 DEBUG 11568 --- [BackendCelarisDis] [http-nio-8080-exec-3] o.s.web.servlet.DispatcherServlet        : GET "/Api-Backend/control/ventas", parameters={}
2026-04-28T16:11:19.877-03:00 TRACE 11568 --- [BackendCelarisDis] [http-nio-8080-exec-3] s.w.s.m.m.a.RequestMappingHandlerMapping : Mapped to com.api.controlador.conVentas#getAll(HttpServletRequest)
2026-04-28T16:11:19.877-03:00 DEBUG 11568 --- [BackendCelarisDis] [http-nio-8080-exec-1] o.s.w.s.m.m.a.HttpEntityMethodProcessor  : Using 'application/json', given [*/*] and supported [application/json, application/*+json]
2026-04-28T16:11:19.877-03:00 TRACE 11568 --- [BackendCelarisDis] [http-nio-8080-exec-1] o.s.w.s.m.m.a.HttpEntityMethodProcessor  : Writing [[]]
2026-04-28T16:11:19.882-03:00 DEBUG 11568 --- [BackendCelarisDis] [http-nio-8080-exec-1] o.s.web.servlet.DispatcherServlet        : Completed 200 OK
2026-04-28T16:11:19.902-03:00 DEBUG 11568 --- [BackendCelarisDis] [http-nio-8080-exec-3] o.s.w.s.m.m.a.HttpEntityMethodProcessor  : Using 'application/json', given [*/*] and supported [application/json, application/*+json]
2026-04-28T16:11:19.902-03:00 TRACE 11568 --- [BackendCelarisDis] [http-nio-8080-exec-3] o.s.w.s.m.m.a.HttpEntityMethodProcessor  : Writing [[]]
2026-04-28T16:11:19.906-03:00 DEBUG 11568 --- [BackendCelarisDis] [http-nio-8080-exec-3] o.s.web.servlet.DispatcherServlet        : Completed 200 OK
2026-04-28T16:11:19.961-03:00 DEBUG 11568 --- [BackendCelarisDis] [http-nio-8080-exec-4] o.s.w.s.m.m.a.HttpEntityMethodProcessor  : Using 'application/json', given [*/*] and supported [application/json, application/*+json]
2026-04-28T16:11:19.962-03:00 TRACE 11568 --- [BackendCelarisDis] [http-nio-8080-exec-4] o.s.w.s.m.m.a.HttpEntityMethodProcessor  : Writing [[]]
2026-04-28T16:11:19.964-03:00 DEBUG 11568 --- [BackendCelarisDis] [http-nio-8080-exec-4] o.s.web.servlet.DispatcherServlet        : Completed 200 OK
2026-04-28T16:11:22.547-03:00 DEBUG 11568 --- [BackendCelarisDis] [http-nio-8080-exec-5] o.s.security.web.FilterChainProxy        : Securing GET /planes/mi-plan
2026-04-28T16:11:22.557-03:00 DEBUG 11568 --- [BackendCelarisDis] [http-nio-8080-exec-5] o.s.security.web.FilterChainProxy        : Secured GET /planes/mi-plan
2026-04-28T16:11:22.557-03:00 DEBUG 11568 --- [BackendCelarisDis] [http-nio-8080-exec-5] o.s.web.servlet.DispatcherServlet        : GET "/Api-Backend/planes/mi-plan", parameters={}
2026-04-28T16:11:22.558-03:00 TRACE 11568 --- [BackendCelarisDis] [http-nio-8080-exec-5] s.w.s.m.m.a.RequestMappingHandlerMapping : Mapped to com.api.auth.PlanController#getMiPlan(HttpServletRequest)
2026-04-28T16:11:22.580-03:00 DEBUG 11568 --- [BackendCelarisDis] [http-nio-8080-exec-5] o.s.w.s.m.m.a.HttpEntityMethodProcessor  : Using 'application/json', given [*/*] and supported [application/json, application/*+json]
2026-04-28T16:11:22.581-03:00 TRACE 11568 --- [BackendCelarisDis] [http-nio-8080-exec-5] o.s.w.s.m.m.a.HttpEntityMethodProcessor  : Writing [Plan(id=2, nombre=PREMIUM_MENSUAL, precio=30000.00, maxProductos=null, whatsapp=true, contabilidad=true, notificaciones=true, soporte=WHATSAPP)]
2026-04-28T16:11:22.583-03:00 DEBUG 11568 --- [BackendCelarisDis] [http-nio-8080-exec-5] o.s.web.servlet.DispatcherServlet        : Completed 200 OK
2026-04-28T16:11:22.646-03:00 DEBUG 11568 --- [BackendCelarisDis] [http-nio-8080-exec-6] o.s.security.web.FilterChainProxy        : Securing GET /control/deudas
2026-04-28T16:11:22.656-03:00 DEBUG 11568 --- [BackendCelarisDis] [http-nio-8080-exec-6] o.s.security.web.FilterChainProxy        : Secured GET /control/deudas
2026-04-28T16:11:22.657-03:00 DEBUG 11568 --- [BackendCelarisDis] [http-nio-8080-exec-6] o.s.web.servlet.DispatcherServlet        : GET "/Api-Backend/control/deudas", parameters={}
2026-04-28T16:11:22.657-03:00 TRACE 11568 --- [BackendCelarisDis] [http-nio-8080-exec-6] s.w.s.m.m.a.RequestMappingHandlerMapping : Mapped to com.api.controlador.conDeuda#getDeudores(HttpServletRequest)
2026-04-28T16:11:22.671-03:00 DEBUG 11568 --- [BackendCelarisDis] [http-nio-8080-exec-6] o.s.w.s.m.m.a.HttpEntityMethodProcessor  : Using 'application/json', given [*/*] and supported [application/json, application/*+json]
2026-04-28T16:11:22.671-03:00 TRACE 11568 --- [BackendCelarisDis] [http-nio-8080-exec-6] o.s.w.s.m.m.a.HttpEntityMethodProcessor  : Writing [[]]
2026-04-28T16:11:22.674-03:00 DEBUG 11568 --- [BackendCelarisDis] [http-nio-8080-exec-6] o.s.web.servlet.DispatcherServlet        : Completed 200 OK
2026-04-28T16:11:22.742-03:00 DEBUG 11568 --- [BackendCelarisDis] [http-nio-8080-exec-7] o.s.security.web.FilterChainProxy        : Securing GET /control/cliente
2026-04-28T16:11:22.753-03:00 DEBUG 11568 --- [BackendCelarisDis] [http-nio-8080-exec-7] o.s.security.web.FilterChainProxy        : Secured GET /control/cliente
2026-04-28T16:11:22.754-03:00 DEBUG 11568 --- [BackendCelarisDis] [http-nio-8080-exec-7] o.s.web.servlet.DispatcherServlet        : GET "/Api-Backend/control/cliente", parameters={}
2026-04-28T16:11:22.754-03:00 TRACE 11568 --- [BackendCelarisDis] [http-nio-8080-exec-7] s.w.s.m.m.a.RequestMappingHandlerMapping : Mapped to com.api.controlador.conClientes#getAll(HttpServletRequest)
2026-04-28T16:11:22.764-03:00 DEBUG 11568 --- [BackendCelarisDis] [http-nio-8080-exec-7] o.s.w.s.m.m.a.HttpEntityMethodProcessor  : Using 'application/json', given [*/*] and supported [application/json, application/*+json]
2026-04-28T16:11:22.764-03:00 TRACE 11568 --- [BackendCelarisDis] [http-nio-8080-exec-7] o.s.w.s.m.m.a.HttpEntityMethodProcessor  : Writing [[]]
2026-04-28T16:11:22.766-03:00 DEBUG 11568 --- [BackendCelarisDis] [http-nio-8080-exec-7] o.s.web.servlet.DispatcherServlet        : Completed 200 OK
2026-04-28T16:11:23.721-03:00 DEBUG 11568 --- [BackendCelarisDis] [http-nio-8080-exec-8] o.s.security.web.FilterChainProxy        : Securing GET /auth/me
2026-04-28T16:11:23.730-03:00 DEBUG 11568 --- [BackendCelarisDis] [http-nio-8080-exec-8] o.s.security.web.FilterChainProxy        : Secured GET /auth/me
2026-04-28T16:11:23.730-03:00 DEBUG 11568 --- [BackendCelarisDis] [http-nio-8080-exec-8] o.s.web.servlet.DispatcherServlet        : GET "/Api-Backend/auth/me", parameters={}
2026-04-28T16:11:23.731-03:00 TRACE 11568 --- [BackendCelarisDis] [http-nio-8080-exec-8] s.w.s.m.m.a.RequestMappingHandlerMapping : Mapped to com.api.auth.AuthController#me(HttpServletRequest)
2026-04-28T16:11:23.738-03:00 DEBUG 11568 --- [BackendCelarisDis] [http-nio-8080-exec-8] o.s.w.s.m.m.a.HttpEntityMethodProcessor  : Using 'application/json', given [*/*] and supported [application/json, application/*+json]
2026-04-28T16:11:23.738-03:00 TRACE 11568 --- [BackendCelarisDis] [http-nio-8080-exec-8] o.s.w.s.m.m.a.HttpEntityMethodProcessor  : Writing [User(id=16, firebaseUid=9iSVqPhARbY550Lwb2fKULgf8mq1, email=giorgiouberti51@gmail.com, tenantId=16, nombre=Giorgio, edad=21, rubro=Bebidas, pushToken=null, frecuenciaDeudores=null, plan=Plan(id=2, nombre=PREMIUM_MENSUAL, precio=30000.00, maxProductos=null, whatsapp=true, contabilidad=true, notificaciones=true, soporte=WHATSAPP), trialExpira=2026-05-18T14:41:38)]
2026-04-28T16:11:23.741-03:00 DEBUG 11568 --- [BackendCelarisDis] [http-nio-8080-exec-8] o.s.web.servlet.DispatcherServlet        : Completed 200 OK
2026-04-28T16:11:23.743-03:00 DEBUG 11568 --- [BackendCelarisDis] [http-nio-8080-exec-9] o.s.security.web.FilterChainProxy        : Securing GET /planes/mi-plan
2026-04-28T16:11:23.750-03:00 DEBUG 11568 --- [BackendCelarisDis] [http-nio-8080-exec-9] o.s.security.web.FilterChainProxy        : Secured GET /planes/mi-plan
2026-04-28T16:11:23.751-03:00 DEBUG 11568 --- [BackendCelarisDis] [http-nio-8080-exec-9] o.s.web.servlet.DispatcherServlet        : GET "/Api-Backend/planes/mi-plan", parameters={}
2026-04-28T16:11:23.751-03:00 TRACE 11568 --- [BackendCelarisDis] [http-nio-8080-exec-9] s.w.s.m.m.a.RequestMappingHandlerMapping : Mapped to com.api.auth.PlanController#getMiPlan(HttpServletRequest)
2026-04-28T16:11:23.761-03:00 DEBUG 11568 --- [BackendCelarisDis] [http-nio-8080-exec-9] o.s.w.s.m.m.a.HttpEntityMethodProcessor  : Using 'application/json', given [*/*] and supported [application/json, application/*+json]
2026-04-28T16:11:23.762-03:00 TRACE 11568 --- [BackendCelarisDis] [http-nio-8080-exec-9] o.s.w.s.m.m.a.HttpEntityMethodProcessor  : Writing [Plan(id=2, nombre=PREMIUM_MENSUAL, precio=30000.00, maxProductos=null, whatsapp=true, contabilidad=true, notificaciones=true, soporte=WHATSAPP)]
2026-04-28T16:11:23.763-03:00 DEBUG 11568 --- [BackendCelarisDis] [http-nio-8080-exec-9] o.s.web.servlet.DispatcherServlet        : Completed 200 OK
2026-04-28T16:11:24.972-03:00 DEBUG 11568 --- [BackendCelarisDis] [http-nio-8080-exec-10] o.s.security.web.FilterChainProxy        : Securing GET /planes/mi-plan
2026-04-28T16:11:24.978-03:00 DEBUG 11568 --- [BackendCelarisDis] [http-nio-8080-exec-2] o.s.security.web.FilterChainProxy        : Securing GET /control/deudas
2026-04-28T16:11:24.981-03:00 DEBUG 11568 --- [BackendCelarisDis] [http-nio-8080-exec-10] o.s.security.web.FilterChainProxy        : Secured GET /planes/mi-plan
2026-04-28T16:11:24.982-03:00 DEBUG 11568 --- [BackendCelarisDis] [http-nio-8080-exec-10] o.s.web.servlet.DispatcherServlet        : GET "/Api-Backend/planes/mi-plan", parameters={}
2026-04-28T16:11:24.982-03:00 TRACE 11568 --- [BackendCelarisDis] [http-nio-8080-exec-10] s.w.s.m.m.a.RequestMappingHandlerMapping : Mapped to com.api.auth.PlanController#getMiPlan(HttpServletRequest)
2026-04-28T16:11:24.987-03:00 DEBUG 11568 --- [BackendCelarisDis] [http-nio-8080-exec-2] o.s.security.web.FilterChainProxy        : Secured GET /control/deudas
2026-04-28T16:11:24.989-03:00 DEBUG 11568 --- [BackendCelarisDis] [http-nio-8080-exec-2] o.s.web.servlet.DispatcherServlet        : GET "/Api-Backend/control/deudas", parameters={}
2026-04-28T16:11:24.990-03:00 TRACE 11568 --- [BackendCelarisDis] [http-nio-8080-exec-2] s.w.s.m.m.a.RequestMappingHandlerMapping : Mapped to com.api.controlador.conDeuda#getDeudores(HttpServletRequest)
2026-04-28T16:11:24.995-03:00 DEBUG 11568 --- [BackendCelarisDis] [http-nio-8080-exec-10] o.s.w.s.m.m.a.HttpEntityMethodProcessor  : Using 'application/json', given [*/*] and supported [application/json, application/*+json]
2026-04-28T16:11:24.996-03:00 TRACE 11568 --- [BackendCelarisDis] [http-nio-8080-exec-10] o.s.w.s.m.m.a.HttpEntityMethodProcessor  : Writing [Plan(id=2, nombre=PREMIUM_MENSUAL, precio=30000.00, maxProductos=null, whatsapp=true, contabilidad=true, notificaciones=true, soporte=WHATSAPP)]
2026-04-28T16:11:24.996-03:00 DEBUG 11568 --- [BackendCelarisDis] [http-nio-8080-exec-2] o.s.w.s.m.m.a.HttpEntityMethodProcessor  : Using 'application/json', given [*/*] and supported [application/json, application/*+json]
2026-04-28T16:11:24.996-03:00 TRACE 11568 --- [BackendCelarisDis] [http-nio-8080-exec-2] o.s.w.s.m.m.a.HttpEntityMethodProcessor  : Writing [[]]
2026-04-28T16:11:24.998-03:00 DEBUG 11568 --- [BackendCelarisDis] [http-nio-8080-exec-2] o.s.web.servlet.DispatcherServlet        : Completed 200 OK
2026-04-28T16:11:24.998-03:00 DEBUG 11568 --- [BackendCelarisDis] [http-nio-8080-exec-10] o.s.web.servlet.DispatcherServlet        : Completed 200 OK
2026-04-28T16:11:25.152-03:00 DEBUG 11568 --- [BackendCelarisDis] [http-nio-8080-exec-1] o.s.security.web.FilterChainProxy        : Securing GET /control/cliente
2026-04-28T16:11:25.162-03:00 DEBUG 11568 --- [BackendCelarisDis] [http-nio-8080-exec-1] o.s.security.web.FilterChainProxy        : Secured GET /control/cliente
2026-04-28T16:11:25.162-03:00 DEBUG 11568 --- [BackendCelarisDis] [http-nio-8080-exec-1] o.s.web.servlet.DispatcherServlet        : GET "/Api-Backend/control/cliente", parameters={}
2026-04-28T16:11:25.163-03:00 TRACE 11568 --- [BackendCelarisDis] [http-nio-8080-exec-1] s.w.s.m.m.a.RequestMappingHandlerMapping : Mapped to com.api.controlador.conClientes#getAll(HttpServletRequest)
2026-04-28T16:11:25.173-03:00 DEBUG 11568 --- [BackendCelarisDis] [http-nio-8080-exec-1] o.s.w.s.m.m.a.HttpEntityMethodProcessor  : Using 'application/json', given [*/*] and supported [application/json, application/*+json]
2026-04-28T16:11:25.173-03:00 TRACE 11568 --- [BackendCelarisDis] [http-nio-8080-exec-1] o.s.w.s.m.m.a.HttpEntityMethodProcessor  : Writing [[]]
2026-04-28T16:11:25.176-03:00 DEBUG 11568 --- [BackendCelarisDis] [http-nio-8080-exec-1] o.s.web.servlet.DispatcherServlet        : Completed 200 OK
2026-04-28T16:11:27.047-03:00 DEBUG 11568 --- [BackendCelarisDis] [http-nio-8080-exec-3] o.s.security.web.FilterChainProxy        : Securing GET /auth/me
2026-04-28T16:11:27.055-03:00 DEBUG 11568 --- [BackendCelarisDis] [http-nio-8080-exec-3] o.s.security.web.FilterChainProxy        : Secured GET /auth/me
2026-04-28T16:11:27.055-03:00 DEBUG 11568 --- [BackendCelarisDis] [http-nio-8080-exec-3] o.s.web.servlet.DispatcherServlet        : GET "/Api-Backend/auth/me", parameters={}
2026-04-28T16:11:27.055-03:00 TRACE 11568 --- [BackendCelarisDis] [http-nio-8080-exec-3] s.w.s.m.m.a.RequestMappingHandlerMapping : Mapped to com.api.auth.AuthController#me(HttpServletRequest)
2026-04-28T16:11:27.060-03:00 DEBUG 11568 --- [BackendCelarisDis] [http-nio-8080-exec-3] o.s.w.s.m.m.a.HttpEntityMethodProcessor  : Using 'application/json', given [*/*] and supported [application/json, application/*+json]
2026-04-28T16:11:27.062-03:00 TRACE 11568 --- [BackendCelarisDis] [http-nio-8080-exec-3] o.s.w.s.m.m.a.HttpEntityMethodProcessor  : Writing [User(id=16, firebaseUid=9iSVqPhARbY550Lwb2fKULgf8mq1, email=giorgiouberti51@gmail.com, tenantId=16, nombre=Giorgio, edad=21, rubro=Bebidas, pushToken=null, frecuenciaDeudores=null, plan=Plan(id=2, nombre=PREMIUM_MENSUAL, precio=30000.00, maxProductos=null, whatsapp=true, contabilidad=true, notificaciones=true, soporte=WHATSAPP), trialExpira=2026-05-18T14:41:38)]
2026-04-28T16:11:27.063-03:00 DEBUG 11568 --- [BackendCelarisDis] [http-nio-8080-exec-3] o.s.web.servlet.DispatcherServlet        : Completed 200 OK
2026-04-28T16:11:27.157-03:00 DEBUG 11568 --- [BackendCelarisDis] [http-nio-8080-exec-4] o.s.security.web.FilterChainProxy        : Securing GET /planes/mi-plan
2026-04-28T16:11:27.165-03:00 DEBUG 11568 --- [BackendCelarisDis] [http-nio-8080-exec-4] o.s.security.web.FilterChainProxy        : Secured GET /planes/mi-plan
2026-04-28T16:11:27.166-03:00 DEBUG 11568 --- [BackendCelarisDis] [http-nio-8080-exec-4] o.s.web.servlet.DispatcherServlet        : GET "/Api-Backend/planes/mi-plan", parameters={}
2026-04-28T16:11:27.166-03:00 TRACE 11568 --- [BackendCelarisDis] [http-nio-8080-exec-4] s.w.s.m.m.a.RequestMappingHandlerMapping : Mapped to com.api.auth.PlanController#getMiPlan(HttpServletRequest)
2026-04-28T16:11:27.175-03:00 DEBUG 11568 --- [BackendCelarisDis] [http-nio-8080-exec-4] o.s.w.s.m.m.a.HttpEntityMethodProcessor  : Using 'application/json', given [*/*] and supported [application/json, application/*+json]
2026-04-28T16:11:27.176-03:00 TRACE 11568 --- [BackendCelarisDis] [http-nio-8080-exec-4] o.s.w.s.m.m.a.HttpEntityMethodProcessor  : Writing [Plan(id=2, nombre=PREMIUM_MENSUAL, precio=30000.00, maxProductos=null, whatsapp=true, contabilidad=true, notificaciones=true, soporte=WHATSAPP)]
2026-04-28T16:11:27.177-03:00 DEBUG 11568 --- [BackendCelarisDis] [http-nio-8080-exec-4] o.s.web.servlet.DispatcherServlet        : Completed 200 OK
2026-04-28T16:13:29.897-03:00 DEBUG 11568 --- [BackendCelarisDis] [http-nio-8080-exec-8] o.s.security.web.FilterChainProxy        : Securing GET /auth/me
2026-04-28T16:13:29.909-03:00 DEBUG 11568 --- [BackendCelarisDis] [http-nio-8080-exec-8] o.s.security.web.FilterChainProxy        : Secured GET /auth/me
2026-04-28T16:13:29.910-03:00 DEBUG 11568 --- [BackendCelarisDis] [http-nio-8080-exec-8] o.s.web.servlet.DispatcherServlet        : GET "/Api-Backend/auth/me", parameters={}
2026-04-28T16:13:29.910-03:00 TRACE 11568 --- [BackendCelarisDis] [http-nio-8080-exec-8] s.w.s.m.m.a.RequestMappingHandlerMapping : Mapped to com.api.auth.AuthController#me(HttpServletRequest)
2026-04-28T16:13:29.916-03:00 DEBUG 11568 --- [BackendCelarisDis] [http-nio-8080-exec-8] o.s.w.s.m.m.a.HttpEntityMethodProcessor  : Using 'application/json', given [*/*] and supported [application/json, application/*+json]
2026-04-28T16:13:29.916-03:00 TRACE 11568 --- [BackendCelarisDis] [http-nio-8080-exec-8] o.s.w.s.m.m.a.HttpEntityMethodProcessor  : Writing [User(id=16, firebaseUid=9iSVqPhARbY550Lwb2fKULgf8mq1, email=giorgiouberti51@gmail.com, tenantId=16, nombre=Giorgio, edad=21, rubro=Bebidas, pushToken=null, frecuenciaDeudores=null, plan=Plan(id=2, nombre=PREMIUM_MENSUAL, precio=30000.00, maxProductos=null, whatsapp=true, contabilidad=true, notificaciones=true, soporte=WHATSAPP), trialExpira=2026-05-18T14:41:38)]
2026-04-28T16:13:29.918-03:00 DEBUG 11568 --- [BackendCelarisDis] [http-nio-8080-exec-8] o.s.web.servlet.DispatcherServlet        : Completed 200 OK
2026-04-28T16:13:29.986-03:00 DEBUG 11568 --- [BackendCelarisDis] [http-nio-8080-exec-9] o.s.security.web.FilterChainProxy        : Securing GET /planes/mi-plan
2026-04-28T16:13:30.000-03:00 DEBUG 11568 --- [BackendCelarisDis] [http-nio-8080-exec-9] o.s.security.web.FilterChainProxy        : Secured GET /planes/mi-plan
2026-04-28T16:13:30.000-03:00 DEBUG 11568 --- [BackendCelarisDis] [http-nio-8080-exec-9] o.s.web.servlet.DispatcherServlet        : GET "/Api-Backend/planes/mi-plan", parameters={}
2026-04-28T16:13:30.001-03:00 TRACE 11568 --- [BackendCelarisDis] [http-nio-8080-exec-9] s.w.s.m.m.a.RequestMappingHandlerMapping : Mapped to com.api.auth.PlanController#getMiPlan(HttpServletRequest)
2026-04-28T16:13:30.014-03:00 DEBUG 11568 --- [BackendCelarisDis] [http-nio-8080-exec-9] o.s.w.s.m.m.a.HttpEntityMethodProcessor  : Using 'application/json', given [*/*] and supported [application/json, application/*+json]
2026-04-28T16:13:30.014-03:00 TRACE 11568 --- [BackendCelarisDis] [http-nio-8080-exec-9] o.s.w.s.m.m.a.HttpEntityMethodProcessor  : Writing [Plan(id=2, nombre=PREMIUM_MENSUAL, precio=30000.00, maxProductos=null, whatsapp=true, contabilidad=true, notificaciones=true, soporte=WHATSAPP)]
2026-04-28T16:13:30.016-03:00 DEBUG 11568 --- [BackendCelarisDis] [http-nio-8080-exec-9] o.s.web.servlet.DispatcherServlet        : Completed 200 OK
2026-04-28T16:15:00.702-03:00 DEBUG 11568 --- [BackendCelarisDis] [http-nio-8080-exec-10] o.s.security.web.FilterChainProxy        : Securing GET /auth/me
2026-04-28T16:15:00.713-03:00 DEBUG 11568 --- [BackendCelarisDis] [http-nio-8080-exec-10] o.s.security.web.FilterChainProxy        : Secured GET /auth/me
2026-04-28T16:15:00.714-03:00 DEBUG 11568 --- [BackendCelarisDis] [http-nio-8080-exec-10] o.s.web.servlet.DispatcherServlet        : GET "/Api-Backend/auth/me", parameters={}
2026-04-28T16:15:00.714-03:00 TRACE 11568 --- [BackendCelarisDis] [http-nio-8080-exec-10] s.w.s.m.m.a.RequestMappingHandlerMapping : Mapped to com.api.auth.AuthController#me(HttpServletRequest)
2026-04-28T16:15:00.720-03:00 DEBUG 11568 --- [BackendCelarisDis] [http-nio-8080-exec-10] o.s.w.s.m.m.a.HttpEntityMethodProcessor  : Using 'application/json', given [*/*] and supported [application/json, application/*+json]
2026-04-28T16:15:00.722-03:00 TRACE 11568 --- [BackendCelarisDis] [http-nio-8080-exec-10] o.s.w.s.m.m.a.HttpEntityMethodProcessor  : Writing [User(id=16, firebaseUid=9iSVqPhARbY550Lwb2fKULgf8mq1, email=giorgiouberti51@gmail.com, tenantId=16, nombre=Giorgio, edad=21, rubro=Bebidas, pushToken=null, frecuenciaDeudores=null, plan=Plan(id=2, nombre=PREMIUM_MENSUAL, precio=30000.00, maxProductos=null, whatsapp=true, contabilidad=true, notificaciones=true, soporte=WHATSAPP), trialExpira=2026-05-18T14:41:38)]
2026-04-28T16:15:00.724-03:00 DEBUG 11568 --- [BackendCelarisDis] [http-nio-8080-exec-10] o.s.web.servlet.DispatcherServlet        : Completed 200 OK
2026-04-28T16:15:00.858-03:00 DEBUG 11568 --- [BackendCelarisDis] [http-nio-8080-exec-1] o.s.security.web.FilterChainProxy        : Securing GET /planes/mi-plan
2026-04-28T16:15:00.872-03:00 DEBUG 11568 --- [BackendCelarisDis] [http-nio-8080-exec-1] o.s.security.web.FilterChainProxy        : Secured GET /planes/mi-plan
2026-04-28T16:15:00.873-03:00 DEBUG 11568 --- [BackendCelarisDis] [http-nio-8080-exec-1] o.s.web.servlet.DispatcherServlet        : GET "/Api-Backend/planes/mi-plan", parameters={}
2026-04-28T16:15:00.873-03:00 TRACE 11568 --- [BackendCelarisDis] [http-nio-8080-exec-1] s.w.s.m.m.a.RequestMappingHandlerMapping : Mapped to com.api.auth.PlanController#getMiPlan(HttpServletRequest)
2026-04-28T16:15:00.884-03:00 DEBUG 11568 --- [BackendCelarisDis] [http-nio-8080-exec-1] o.s.w.s.m.m.a.HttpEntityMethodProcessor  : Using 'application/json', given [*/*] and supported [application/json, application/*+json]
2026-04-28T16:15:00.885-03:00 TRACE 11568 --- [BackendCelarisDis] [http-nio-8080-exec-1] o.s.w.s.m.m.a.HttpEntityMethodProcessor  : Writing [Plan(id=2, nombre=PREMIUM_MENSUAL, precio=30000.00, maxProductos=null, whatsapp=true, contabilidad=true, notificaciones=true, soporte=WHATSAPP)]
2026-04-28T16:15:00.887-03:00 DEBUG 11568 --- [BackendCelarisDis] [http-nio-8080-exec-1] o.s.web.servlet.DispatcherServlet        : Completed 200 OK
2026-04-28T16:15:26.380-03:00 DEBUG 11568 --- [BackendCelarisDis] [http-nio-8080-exec-3] o.s.security.web.FilterChainProxy        : Securing GET /auth/me
2026-04-28T16:15:26.417-03:00 DEBUG 11568 --- [BackendCelarisDis] [http-nio-8080-exec-3] o.s.security.web.FilterChainProxy        : Secured GET /auth/me
2026-04-28T16:15:26.418-03:00 DEBUG 11568 --- [BackendCelarisDis] [http-nio-8080-exec-3] o.s.web.servlet.DispatcherServlet        : GET "/Api-Backend/auth/me", parameters={}
2026-04-28T16:15:26.419-03:00 TRACE 11568 --- [BackendCelarisDis] [http-nio-8080-exec-3] s.w.s.m.m.a.RequestMappingHandlerMapping : Mapped to com.api.auth.AuthController#me(HttpServletRequest)
2026-04-28T16:15:26.429-03:00 DEBUG 11568 --- [BackendCelarisDis] [http-nio-8080-exec-3] o.s.w.s.m.m.a.HttpEntityMethodProcessor  : Using 'application/json', given [*/*] and supported [application/json, application/*+json]
2026-04-28T16:15:26.430-03:00 TRACE 11568 --- [BackendCelarisDis] [http-nio-8080-exec-3] o.s.w.s.m.m.a.HttpEntityMethodProcessor  : Writing [User(id=16, firebaseUid=9iSVqPhARbY550Lwb2fKULgf8mq1, email=giorgiouberti51@gmail.com, tenantId=16, nombre=Giorgio, edad=21, rubro=Bebidas, pushToken=null, frecuenciaDeudores=null, plan=Plan(id=2, nombre=PREMIUM_MENSUAL, precio=30000.00, maxProductos=null, whatsapp=true, contabilidad=true, notificaciones=true, soporte=WHATSAPP), trialExpira=2026-05-18T14:41:38)]
2026-04-28T16:15:26.435-03:00 DEBUG 11568 --- [BackendCelarisDis] [http-nio-8080-exec-3] o.s.web.servlet.DispatcherServlet        : Completed 200 OK
2026-04-28T16:15:26.764-03:00 DEBUG 11568 --- [BackendCelarisDis] [http-nio-8080-exec-4] o.s.security.web.FilterChainProxy        : Securing GET /planes/mi-plan
2026-04-28T16:15:26.774-03:00 DEBUG 11568 --- [BackendCelarisDis] [http-nio-8080-exec-4] o.s.security.web.FilterChainProxy        : Secured GET /planes/mi-plan
2026-04-28T16:15:26.774-03:00 DEBUG 11568 --- [BackendCelarisDis] [http-nio-8080-exec-4] o.s.web.servlet.DispatcherServlet        : GET "/Api-Backend/planes/mi-plan", parameters={}
2026-04-28T16:15:26.775-03:00 TRACE 11568 --- [BackendCelarisDis] [http-nio-8080-exec-4] s.w.s.m.m.a.RequestMappingHandlerMapping : Mapped to com.api.auth.PlanController#getMiPlan(HttpServletRequest)
2026-04-28T16:15:26.786-03:00 DEBUG 11568 --- [BackendCelarisDis] [http-nio-8080-exec-4] o.s.w.s.m.m.a.HttpEntityMethodProcessor  : Using 'application/json', given [*/*] and supported [application/json, application/*+json]
2026-04-28T16:15:26.787-03:00 TRACE 11568 --- [BackendCelarisDis] [http-nio-8080-exec-4] o.s.w.s.m.m.a.HttpEntityMethodProcessor  : Writing [Plan(id=2, nombre=PREMIUM_MENSUAL, precio=30000.00, maxProductos=null, whatsapp=true, contabilidad=true, notificaciones=true, soporte=WHATSAPP)]
2026-04-28T16:15:26.789-03:00 DEBUG 11568 --- [BackendCelarisDis] [http-nio-8080-exec-4] o.s.web.servlet.DispatcherServlet        : Completed 200 OK
2026-04-28T16:15:31.179-03:00 DEBUG 11568 --- [BackendCelarisDis] [http-nio-8080-exec-5] o.s.security.web.FilterChainProxy        : Securing GET /auth/me
2026-04-28T16:15:31.187-03:00 DEBUG 11568 --- [BackendCelarisDis] [http-nio-8080-exec-5] o.s.security.web.FilterChainProxy        : Secured GET /auth/me
2026-04-28T16:15:31.187-03:00 DEBUG 11568 --- [BackendCelarisDis] [http-nio-8080-exec-5] o.s.web.servlet.DispatcherServlet        : GET "/Api-Backend/auth/me", parameters={}
2026-04-28T16:15:31.188-03:00 TRACE 11568 --- [BackendCelarisDis] [http-nio-8080-exec-5] s.w.s.m.m.a.RequestMappingHandlerMapping : Mapped to com.api.auth.AuthController#me(HttpServletRequest)
2026-04-28T16:15:31.193-03:00 DEBUG 11568 --- [BackendCelarisDis] [http-nio-8080-exec-5] o.s.w.s.m.m.a.HttpEntityMethodProcessor  : Using 'application/json', given [*/*] and supported [application/json, application/*+json]
2026-04-28T16:15:31.193-03:00 TRACE 11568 --- [BackendCelarisDis] [http-nio-8080-exec-5] o.s.w.s.m.m.a.HttpEntityMethodProcessor  : Writing [User(id=16, firebaseUid=9iSVqPhARbY550Lwb2fKULgf8mq1, email=giorgiouberti51@gmail.com, tenantId=16, nombre=Giorgio, edad=21, rubro=Bebidas, pushToken=null, frecuenciaDeudores=null, plan=Plan(id=2, nombre=PREMIUM_MENSUAL, precio=30000.00, maxProductos=null, whatsapp=true, contabilidad=true, notificaciones=true, soporte=WHATSAPP), trialExpira=2026-05-18T14:41:38)]
2026-04-28T16:15:31.195-03:00 DEBUG 11568 --- [BackendCelarisDis] [http-nio-8080-exec-5] o.s.web.servlet.DispatcherServlet        : Completed 200 OK
2026-04-28T16:15:31.230-03:00 DEBUG 11568 --- [BackendCelarisDis] [http-nio-8080-exec-6] o.s.security.web.FilterChainProxy        : Securing GET /planes/mi-plan
2026-04-28T16:15:31.238-03:00 DEBUG 11568 --- [BackendCelarisDis] [http-nio-8080-exec-6] o.s.security.web.FilterChainProxy        : Secured GET /planes/mi-plan
2026-04-28T16:15:31.238-03:00 DEBUG 11568 --- [BackendCelarisDis] [http-nio-8080-exec-6] o.s.web.servlet.DispatcherServlet        : GET "/Api-Backend/planes/mi-plan", parameters={}
2026-04-28T16:15:31.239-03:00 TRACE 11568 --- [BackendCelarisDis] [http-nio-8080-exec-6] s.w.s.m.m.a.RequestMappingHandlerMapping : Mapped to com.api.auth.PlanController#getMiPlan(HttpServletRequest)
2026-04-28T16:15:31.251-03:00 DEBUG 11568 --- [BackendCelarisDis] [http-nio-8080-exec-6] o.s.w.s.m.m.a.HttpEntityMethodProcessor  : Using 'application/json', given [*/*] and supported [application/json, application/*+json]
2026-04-28T16:15:31.251-03:00 TRACE 11568 --- [BackendCelarisDis] [http-nio-8080-exec-6] o.s.w.s.m.m.a.HttpEntityMethodProcessor  : Writing [Plan(id=2, nombre=PREMIUM_MENSUAL, precio=30000.00, maxProductos=null, whatsapp=true, contabilidad=true, notificaciones=true, soporte=WHATSAPP)]
2026-04-28T16:15:31.253-03:00 DEBUG 11568 --- [BackendCelarisDis] [http-nio-8080-exec-6] o.s.web.servlet.DispatcherServlet        : Completed 200 OK
2026-04-28T16:16:26.524-03:00 DEBUG 11568 --- [BackendCelarisDis] [http-nio-8080-exec-7] o.s.security.web.FilterChainProxy        : Securing GET /auth/me
2026-04-28T16:16:26.534-03:00 DEBUG 11568 --- [BackendCelarisDis] [http-nio-8080-exec-7] o.s.security.web.FilterChainProxy        : Secured GET /auth/me
2026-04-28T16:16:26.534-03:00 DEBUG 11568 --- [BackendCelarisDis] [http-nio-8080-exec-7] o.s.web.servlet.DispatcherServlet        : GET "/Api-Backend/auth/me", parameters={}
2026-04-28T16:16:26.535-03:00 TRACE 11568 --- [BackendCelarisDis] [http-nio-8080-exec-7] s.w.s.m.m.a.RequestMappingHandlerMapping : Mapped to com.api.auth.AuthController#me(HttpServletRequest)
2026-04-28T16:16:26.545-03:00 DEBUG 11568 --- [BackendCelarisDis] [http-nio-8080-exec-7] o.s.w.s.m.m.a.HttpEntityMethodProcessor  : Using 'application/json', given [*/*] and supported [application/json, application/*+json]
2026-04-28T16:16:26.546-03:00 TRACE 11568 --- [BackendCelarisDis] [http-nio-8080-exec-7] o.s.w.s.m.m.a.HttpEntityMethodProcessor  : Writing [User(id=16, firebaseUid=9iSVqPhARbY550Lwb2fKULgf8mq1, email=giorgiouberti51@gmail.com, tenantId=16, nombre=Giorgio, edad=21, rubro=Bebidas, pushToken=null, frecuenciaDeudores=null, plan=Plan(id=2, nombre=PREMIUM_MENSUAL, precio=30000.00, maxProductos=null, whatsapp=true, contabilidad=true, notificaciones=true, soporte=WHATSAPP), trialExpira=2026-05-18T14:41:38)]
2026-04-28T16:16:26.549-03:00 DEBUG 11568 --- [BackendCelarisDis] [http-nio-8080-exec-7] o.s.web.servlet.DispatcherServlet        : Completed 200 OK
2026-04-28T16:16:26.648-03:00 DEBUG 11568 --- [BackendCelarisDis] [http-nio-8080-exec-8] o.s.security.web.FilterChainProxy        : Securing GET /planes/mi-plan
2026-04-28T16:16:26.655-03:00 DEBUG 11568 --- [BackendCelarisDis] [http-nio-8080-exec-8] o.s.security.web.FilterChainProxy        : Secured GET /planes/mi-plan
2026-04-28T16:16:26.655-03:00 DEBUG 11568 --- [BackendCelarisDis] [http-nio-8080-exec-8] o.s.web.servlet.DispatcherServlet        : GET "/Api-Backend/planes/mi-plan", parameters={}
2026-04-28T16:16:26.656-03:00 TRACE 11568 --- [BackendCelarisDis] [http-nio-8080-exec-8] s.w.s.m.m.a.RequestMappingHandlerMapping : Mapped to com.api.auth.PlanController#getMiPlan(HttpServletRequest)
2026-04-28T16:16:26.668-03:00 DEBUG 11568 --- [BackendCelarisDis] [http-nio-8080-exec-8] o.s.w.s.m.m.a.HttpEntityMethodProcessor  : Using 'application/json', given [*/*] and supported [application/json, application/*+json]
2026-04-28T16:16:26.669-03:00 TRACE 11568 --- [BackendCelarisDis] [http-nio-8080-exec-8] o.s.w.s.m.m.a.HttpEntityMethodProcessor  : Writing [Plan(id=2, nombre=PREMIUM_MENSUAL, precio=30000.00, maxProductos=null, whatsapp=true, contabilidad=true, notificaciones=true, soporte=WHATSAPP)]
2026-04-28T16:16:26.670-03:00 DEBUG 11568 --- [BackendCelarisDis] [http-nio-8080-exec-8] o.s.web.servlet.DispatcherServlet        : Completed 200 OK
2026-04-28T16:16:55.303-03:00 DEBUG 11568 --- [BackendCelarisDis] [http-nio-8080-exec-9] o.s.security.web.FilterChainProxy        : Securing GET /auth/me
2026-04-28T16:16:55.311-03:00 DEBUG 11568 --- [BackendCelarisDis] [http-nio-8080-exec-9] o.s.security.web.FilterChainProxy        : Secured GET /auth/me
2026-04-28T16:16:55.312-03:00 DEBUG 11568 --- [BackendCelarisDis] [http-nio-8080-exec-9] o.s.web.servlet.DispatcherServlet        : GET "/Api-Backend/auth/me", parameters={}
2026-04-28T16:16:55.312-03:00 TRACE 11568 --- [BackendCelarisDis] [http-nio-8080-exec-9] s.w.s.m.m.a.RequestMappingHandlerMapping : Mapped to com.api.auth.AuthController#me(HttpServletRequest)
2026-04-28T16:16:55.320-03:00 DEBUG 11568 --- [BackendCelarisDis] [http-nio-8080-exec-9] o.s.w.s.m.m.a.HttpEntityMethodProcessor  : Using 'application/json', given [*/*] and supported [application/json, application/*+json]
2026-04-28T16:16:55.321-03:00 TRACE 11568 --- [BackendCelarisDis] [http-nio-8080-exec-9] o.s.w.s.m.m.a.HttpEntityMethodProcessor  : Writing [User(id=16, firebaseUid=9iSVqPhARbY550Lwb2fKULgf8mq1, email=giorgiouberti51@gmail.com, tenantId=16, nombre=Giorgio, edad=21, rubro=Bebidas, pushToken=null, frecuenciaDeudores=null, plan=Plan(id=2, nombre=PREMIUM_MENSUAL, precio=30000.00, maxProductos=null, whatsapp=true, contabilidad=true, notificaciones=true, soporte=WHATSAPP), trialExpira=2026-05-18T14:41:38)]
2026-04-28T16:16:55.322-03:00 DEBUG 11568 --- [BackendCelarisDis] [http-nio-8080-exec-9] o.s.web.servlet.DispatcherServlet        : Completed 200 OK
2026-04-28T16:16:55.409-03:00 DEBUG 11568 --- [BackendCelarisDis] [http-nio-8080-exec-2] o.s.security.web.FilterChainProxy        : Securing GET /planes/mi-plan
2026-04-28T16:16:55.421-03:00 DEBUG 11568 --- [BackendCelarisDis] [http-nio-8080-exec-2] o.s.security.web.FilterChainProxy        : Secured GET /planes/mi-plan
2026-04-28T16:16:55.421-03:00 DEBUG 11568 --- [BackendCelarisDis] [http-nio-8080-exec-2] o.s.web.servlet.DispatcherServlet        : GET "/Api-Backend/planes/mi-plan", parameters={}
2026-04-28T16:16:55.421-03:00 TRACE 11568 --- [BackendCelarisDis] [http-nio-8080-exec-2] s.w.s.m.m.a.RequestMappingHandlerMapping : Mapped to com.api.auth.PlanController#getMiPlan(HttpServletRequest)
2026-04-28T16:16:55.435-03:00 DEBUG 11568 --- [BackendCelarisDis] [http-nio-8080-exec-2] o.s.w.s.m.m.a.HttpEntityMethodProcessor  : Using 'application/json', given [*/*] and supported [application/json, application/*+json]
2026-04-28T16:16:55.435-03:00 TRACE 11568 --- [BackendCelarisDis] [http-nio-8080-exec-2] o.s.w.s.m.m.a.HttpEntityMethodProcessor  : Writing [Plan(id=2, nombre=PREMIUM_MENSUAL, precio=30000.00, maxProductos=null, whatsapp=true, contabilidad=true, notificaciones=true, soporte=WHATSAPP)]
2026-04-28T16:16:55.437-03:00 DEBUG 11568 --- [BackendCelarisDis] [http-nio-8080-exec-2] o.s.web.servlet.DispatcherServlet        : Completed 200 OK
2026-04-28T16:17:49.712-03:00 DEBUG 11568 --- [BackendCelarisDis] [http-nio-8080-exec-10] o.s.security.web.FilterChainProxy        : Securing GET /auth/me
2026-04-28T16:17:49.719-03:00 DEBUG 11568 --- [BackendCelarisDis] [http-nio-8080-exec-10] o.s.security.web.FilterChainProxy        : Secured GET /auth/me
2026-04-28T16:17:49.720-03:00 DEBUG 11568 --- [BackendCelarisDis] [http-nio-8080-exec-10] o.s.web.servlet.DispatcherServlet        : GET "/Api-Backend/auth/me", parameters={}
2026-04-28T16:17:49.720-03:00 TRACE 11568 --- [BackendCelarisDis] [http-nio-8080-exec-10] s.w.s.m.m.a.RequestMappingHandlerMapping : Mapped to com.api.auth.AuthController#me(HttpServletRequest)
2026-04-28T16:17:49.727-03:00 DEBUG 11568 --- [BackendCelarisDis] [http-nio-8080-exec-10] o.s.w.s.m.m.a.HttpEntityMethodProcessor  : Using 'application/json', given [*/*] and supported [application/json, application/*+json]
2026-04-28T16:17:49.727-03:00 TRACE 11568 --- [BackendCelarisDis] [http-nio-8080-exec-10] o.s.w.s.m.m.a.HttpEntityMethodProcessor  : Writing [User(id=16, firebaseUid=9iSVqPhARbY550Lwb2fKULgf8mq1, email=giorgiouberti51@gmail.com, tenantId=16, nombre=Giorgio, edad=21, rubro=Bebidas, pushToken=null, frecuenciaDeudores=null, plan=Plan(id=2, nombre=PREMIUM_MENSUAL, precio=30000.00, maxProductos=null, whatsapp=true, contabilidad=true, notificaciones=true, soporte=WHATSAPP), trialExpira=2026-05-18T14:41:38)]
2026-04-28T16:17:49.730-03:00 DEBUG 11568 --- [BackendCelarisDis] [http-nio-8080-exec-10] o.s.web.servlet.DispatcherServlet        : Completed 200 OK
2026-04-28T16:17:49.763-03:00 DEBUG 11568 --- [BackendCelarisDis] [http-nio-8080-exec-1] o.s.security.web.FilterChainProxy        : Securing GET /planes/mi-plan
2026-04-28T16:17:49.770-03:00 DEBUG 11568 --- [BackendCelarisDis] [http-nio-8080-exec-1] o.s.security.web.FilterChainProxy        : Secured GET /planes/mi-plan
2026-04-28T16:17:49.770-03:00 DEBUG 11568 --- [BackendCelarisDis] [http-nio-8080-exec-1] o.s.web.servlet.DispatcherServlet        : GET "/Api-Backend/planes/mi-plan", parameters={}
2026-04-28T16:17:49.771-03:00 TRACE 11568 --- [BackendCelarisDis] [http-nio-8080-exec-1] s.w.s.m.m.a.RequestMappingHandlerMapping : Mapped to com.api.auth.PlanController#getMiPlan(HttpServletRequest)
2026-04-28T16:17:49.782-03:00 DEBUG 11568 --- [BackendCelarisDis] [http-nio-8080-exec-1] o.s.w.s.m.m.a.HttpEntityMethodProcessor  : Using 'application/json', given [*/*] and supported [application/json, application/*+json]
2026-04-28T16:17:49.782-03:00 TRACE 11568 --- [BackendCelarisDis] [http-nio-8080-exec-1] o.s.w.s.m.m.a.HttpEntityMethodProcessor  : Writing [Plan(id=2, nombre=PREMIUM_MENSUAL, precio=30000.00, maxProductos=null, whatsapp=true, contabilidad=true, notificaciones=true, soporte=WHATSAPP)]
2026-04-28T16:17:49.784-03:00 DEBUG 11568 --- [BackendCelarisDis] [http-nio-8080-exec-1] o.s.web.servlet.DispatcherServlet        : Completed 200 OK
2026-04-28T16:18:36.071-03:00 DEBUG 11568 --- [BackendCelarisDis] [http-nio-8080-exec-3] o.s.security.web.FilterChainProxy        : Securing GET /auth/me
2026-04-28T16:18:36.081-03:00 DEBUG 11568 --- [BackendCelarisDis] [http-nio-8080-exec-3] o.s.security.web.FilterChainProxy        : Secured GET /auth/me
2026-04-28T16:18:36.081-03:00 DEBUG 11568 --- [BackendCelarisDis] [http-nio-8080-exec-3] o.s.web.servlet.DispatcherServlet        : GET "/Api-Backend/auth/me", parameters={}
2026-04-28T16:18:36.081-03:00 TRACE 11568 --- [BackendCelarisDis] [http-nio-8080-exec-3] s.w.s.m.m.a.RequestMappingHandlerMapping : Mapped to com.api.auth.AuthController#me(HttpServletRequest)
2026-04-28T16:18:36.087-03:00 DEBUG 11568 --- [BackendCelarisDis] [http-nio-8080-exec-3] o.s.w.s.m.m.a.HttpEntityMethodProcessor  : Using 'application/json', given [*/*] and supported [application/json, application/*+json]
2026-04-28T16:18:36.088-03:00 TRACE 11568 --- [BackendCelarisDis] [http-nio-8080-exec-3] o.s.w.s.m.m.a.HttpEntityMethodProcessor  : Writing [User(id=16, firebaseUid=9iSVqPhARbY550Lwb2fKULgf8mq1, email=giorgiouberti51@gmail.com, tenantId=16, nombre=Giorgio, edad=21, rubro=Bebidas, pushToken=null, frecuenciaDeudores=null, plan=Plan(id=2, nombre=PREMIUM_MENSUAL, precio=30000.00, maxProductos=null, whatsapp=true, contabilidad=true, notificaciones=true, soporte=WHATSAPP), trialExpira=2026-05-18T14:41:38)]
2026-04-28T16:18:36.089-03:00 DEBUG 11568 --- [BackendCelarisDis] [http-nio-8080-exec-3] o.s.web.servlet.DispatcherServlet        : Completed 200 OK
2026-04-28T16:18:36.151-03:00 DEBUG 11568 --- [BackendCelarisDis] [http-nio-8080-exec-4] o.s.security.web.FilterChainProxy        : Securing GET /planes/mi-plan
2026-04-28T16:18:36.159-03:00 DEBUG 11568 --- [BackendCelarisDis] [http-nio-8080-exec-4] o.s.security.web.FilterChainProxy        : Secured GET /planes/mi-plan
2026-04-28T16:18:36.160-03:00 DEBUG 11568 --- [BackendCelarisDis] [http-nio-8080-exec-4] o.s.web.servlet.DispatcherServlet        : GET "/Api-Backend/planes/mi-plan", parameters={}
2026-04-28T16:18:36.161-03:00 TRACE 11568 --- [BackendCelarisDis] [http-nio-8080-exec-4] s.w.s.m.m.a.RequestMappingHandlerMapping : Mapped to com.api.auth.PlanController#getMiPlan(HttpServletRequest)
2026-04-28T16:18:36.171-03:00 DEBUG 11568 --- [BackendCelarisDis] [http-nio-8080-exec-4] o.s.w.s.m.m.a.HttpEntityMethodProcessor  : Using 'application/json', given [*/*] and supported [application/json, application/*+json]
2026-04-28T16:18:36.172-03:00 TRACE 11568 --- [BackendCelarisDis] [http-nio-8080-exec-4] o.s.w.s.m.m.a.HttpEntityMethodProcessor  : Writing [Plan(id=2, nombre=PREMIUM_MENSUAL, precio=30000.00, maxProductos=null, whatsapp=true, contabilidad=true, notificaciones=true, soporte=WHATSAPP)]
2026-04-28T16:18:36.174-03:00 DEBUG 11568 --- [BackendCelarisDis] [http-nio-8080-exec-4] o.s.web.servlet.DispatcherServlet        : Completed 200 OK
2026-04-28T16:19:29.346-03:00 DEBUG 11568 --- [BackendCelarisDis] [http-nio-8080-exec-5] o.s.security.web.FilterChainProxy        : Securing GET /planes/mi-plan
2026-04-28T16:19:29.354-03:00 DEBUG 11568 --- [BackendCelarisDis] [http-nio-8080-exec-5] o.s.security.web.FilterChainProxy        : Secured GET /planes/mi-plan
2026-04-28T16:19:29.355-03:00 DEBUG 11568 --- [BackendCelarisDis] [http-nio-8080-exec-5] o.s.web.servlet.DispatcherServlet        : GET "/Api-Backend/planes/mi-plan", parameters={}
2026-04-28T16:19:29.355-03:00 TRACE 11568 --- [BackendCelarisDis] [http-nio-8080-exec-5] s.w.s.m.m.a.RequestMappingHandlerMapping : Mapped to com.api.auth.PlanController#getMiPlan(HttpServletRequest)
2026-04-28T16:19:29.364-03:00 DEBUG 11568 --- [BackendCelarisDis] [http-nio-8080-exec-5] o.s.w.s.m.m.a.HttpEntityMethodProcessor  : Using 'application/json', given [*/*] and supported [application/json, application/*+json]
2026-04-28T16:19:29.365-03:00 TRACE 11568 --- [BackendCelarisDis] [http-nio-8080-exec-5] o.s.w.s.m.m.a.HttpEntityMethodProcessor  : Writing [Plan(id=2, nombre=PREMIUM_MENSUAL, precio=30000.00, maxProductos=null, whatsapp=true, contabilidad=true, notificaciones=true, soporte=WHATSAPP)]
2026-04-28T16:19:29.366-03:00 DEBUG 11568 --- [BackendCelarisDis] [http-nio-8080-exec-5] o.s.web.servlet.DispatcherServlet        : Completed 200 OK
2026-04-28T16:19:29.426-03:00 DEBUG 11568 --- [BackendCelarisDis] [http-nio-8080-exec-6] o.s.security.web.FilterChainProxy        : Securing GET /control/deudas
2026-04-28T16:19:29.433-03:00 DEBUG 11568 --- [BackendCelarisDis] [http-nio-8080-exec-6] o.s.security.web.FilterChainProxy        : Secured GET /control/deudas
2026-04-28T16:19:29.434-03:00 DEBUG 11568 --- [BackendCelarisDis] [http-nio-8080-exec-6] o.s.web.servlet.DispatcherServlet        : GET "/Api-Backend/control/deudas", parameters={}
2026-04-28T16:19:29.434-03:00 TRACE 11568 --- [BackendCelarisDis] [http-nio-8080-exec-6] s.w.s.m.m.a.RequestMappingHandlerMapping : Mapped to com.api.controlador.conDeuda#getDeudores(HttpServletRequest)
2026-04-28T16:19:29.441-03:00 DEBUG 11568 --- [BackendCelarisDis] [http-nio-8080-exec-6] o.s.w.s.m.m.a.HttpEntityMethodProcessor  : Using 'application/json', given [*/*] and supported [application/json, application/*+json]
2026-04-28T16:19:29.442-03:00 TRACE 11568 --- [BackendCelarisDis] [http-nio-8080-exec-6] o.s.w.s.m.m.a.HttpEntityMethodProcessor  : Writing [[]]
2026-04-28T16:19:29.444-03:00 DEBUG 11568 --- [BackendCelarisDis] [http-nio-8080-exec-6] o.s.web.servlet.DispatcherServlet        : Completed 200 OK
2026-04-28T16:19:29.511-03:00 DEBUG 11568 --- [BackendCelarisDis] [http-nio-8080-exec-7] o.s.security.web.FilterChainProxy        : Securing GET /control/cliente
2026-04-28T16:19:29.517-03:00 DEBUG 11568 --- [BackendCelarisDis] [http-nio-8080-exec-7] o.s.security.web.FilterChainProxy        : Secured GET /control/cliente
2026-04-28T16:19:29.518-03:00 DEBUG 11568 --- [BackendCelarisDis] [http-nio-8080-exec-7] o.s.web.servlet.DispatcherServlet        : GET "/Api-Backend/control/cliente", parameters={}
2026-04-28T16:19:29.518-03:00 TRACE 11568 --- [BackendCelarisDis] [http-nio-8080-exec-7] s.w.s.m.m.a.RequestMappingHandlerMapping : Mapped to com.api.controlador.conClientes#getAll(HttpServletRequest)
2026-04-28T16:19:29.525-03:00 DEBUG 11568 --- [BackendCelarisDis] [http-nio-8080-exec-7] o.s.w.s.m.m.a.HttpEntityMethodProcessor  : Using 'application/json', given [*/*] and supported [application/json, application/*+json]
2026-04-28T16:19:29.527-03:00 TRACE 11568 --- [BackendCelarisDis] [http-nio-8080-exec-7] o.s.w.s.m.m.a.HttpEntityMethodProcessor  : Writing [[]]
2026-04-28T16:19:29.528-03:00 DEBUG 11568 --- [BackendCelarisDis] [http-nio-8080-exec-7] o.s.web.servlet.DispatcherServlet        : Completed 200 OK
2026-04-28T16:19:30.677-03:00 DEBUG 11568 --- [BackendCelarisDis] [http-nio-8080-exec-8] o.s.security.web.FilterChainProxy        : Securing GET /planes/mi-plan
2026-04-28T16:19:30.685-03:00 DEBUG 11568 --- [BackendCelarisDis] [http-nio-8080-exec-8] o.s.security.web.FilterChainProxy        : Secured GET /planes/mi-plan
2026-04-28T16:19:30.686-03:00 DEBUG 11568 --- [BackendCelarisDis] [http-nio-8080-exec-8] o.s.web.servlet.DispatcherServlet        : GET "/Api-Backend/planes/mi-plan", parameters={}
2026-04-28T16:19:30.686-03:00 TRACE 11568 --- [BackendCelarisDis] [http-nio-8080-exec-8] s.w.s.m.m.a.RequestMappingHandlerMapping : Mapped to com.api.auth.PlanController#getMiPlan(HttpServletRequest)
2026-04-28T16:19:30.695-03:00 DEBUG 11568 --- [BackendCelarisDis] [http-nio-8080-exec-8] o.s.w.s.m.m.a.HttpEntityMethodProcessor  : Using 'application/json', given [*/*] and supported [application/json, application/*+json]
2026-04-28T16:19:30.695-03:00 TRACE 11568 --- [BackendCelarisDis] [http-nio-8080-exec-8] o.s.w.s.m.m.a.HttpEntityMethodProcessor  : Writing [Plan(id=2, nombre=PREMIUM_MENSUAL, precio=30000.00, maxProductos=null, whatsapp=true, contabilidad=true, notificaciones=true, soporte=WHATSAPP)]
2026-04-28T16:19:30.696-03:00 DEBUG 11568 --- [BackendCelarisDis] [http-nio-8080-exec-8] o.s.web.servlet.DispatcherServlet        : Completed 200 OK
2026-04-28T16:19:32.834-03:00 DEBUG 11568 --- [BackendCelarisDis] [http-nio-8080-exec-9] o.s.security.web.FilterChainProxy        : Securing GET /auth/me
2026-04-28T16:19:32.842-03:00 DEBUG 11568 --- [BackendCelarisDis] [http-nio-8080-exec-9] o.s.security.web.FilterChainProxy        : Secured GET /auth/me
2026-04-28T16:19:32.842-03:00 DEBUG 11568 --- [BackendCelarisDis] [http-nio-8080-exec-9] o.s.web.servlet.DispatcherServlet        : GET "/Api-Backend/auth/me", parameters={}
2026-04-28T16:19:32.842-03:00 TRACE 11568 --- [BackendCelarisDis] [http-nio-8080-exec-9] s.w.s.m.m.a.RequestMappingHandlerMapping : Mapped to com.api.auth.AuthController#me(HttpServletRequest)
2026-04-28T16:19:32.847-03:00 DEBUG 11568 --- [BackendCelarisDis] [http-nio-8080-exec-9] o.s.w.s.m.m.a.HttpEntityMethodProcessor  : Using 'application/json', given [*/*] and supported [application/json, application/*+json]
2026-04-28T16:19:32.847-03:00 TRACE 11568 --- [BackendCelarisDis] [http-nio-8080-exec-9] o.s.w.s.m.m.a.HttpEntityMethodProcessor  : Writing [User(id=16, firebaseUid=9iSVqPhARbY550Lwb2fKULgf8mq1, email=giorgiouberti51@gmail.com, tenantId=16, nombre=Giorgio, edad=21, rubro=Bebidas, pushToken=null, frecuenciaDeudores=null, plan=Plan(id=2, nombre=PREMIUM_MENSUAL, precio=30000.00, maxProductos=null, whatsapp=true, contabilidad=true, notificaciones=true, soporte=WHATSAPP), trialExpira=2026-05-18T14:41:38)]
2026-04-28T16:19:32.849-03:00 DEBUG 11568 --- [BackendCelarisDis] [http-nio-8080-exec-9] o.s.web.servlet.DispatcherServlet        : Completed 200 OK
2026-04-28T16:19:32.893-03:00 DEBUG 11568 --- [BackendCelarisDis] [http-nio-8080-exec-2] o.s.security.web.FilterChainProxy        : Securing GET /planes/mi-plan
2026-04-28T16:19:32.901-03:00 DEBUG 11568 --- [BackendCelarisDis] [http-nio-8080-exec-2] o.s.security.web.FilterChainProxy        : Secured GET /planes/mi-plan
2026-04-28T16:19:32.901-03:00 DEBUG 11568 --- [BackendCelarisDis] [http-nio-8080-exec-2] o.s.web.servlet.DispatcherServlet        : GET "/Api-Backend/planes/mi-plan", parameters={}
2026-04-28T16:19:32.901-03:00 TRACE 11568 --- [BackendCelarisDis] [http-nio-8080-exec-2] s.w.s.m.m.a.RequestMappingHandlerMapping : Mapped to com.api.auth.PlanController#getMiPlan(HttpServletRequest)
2026-04-28T16:19:32.911-03:00 DEBUG 11568 --- [BackendCelarisDis] [http-nio-8080-exec-2] o.s.w.s.m.m.a.HttpEntityMethodProcessor  : Using 'application/json', given [*/*] and supported [application/json, application/*+json]
2026-04-28T16:19:32.912-03:00 TRACE 11568 --- [BackendCelarisDis] [http-nio-8080-exec-2] o.s.w.s.m.m.a.HttpEntityMethodProcessor  : Writing [Plan(id=2, nombre=PREMIUM_MENSUAL, precio=30000.00, maxProductos=null, whatsapp=true, contabilidad=true, notificaciones=true, soporte=WHATSAPP)]
2026-04-28T16:19:32.914-03:00 DEBUG 11568 --- [BackendCelarisDis] [http-nio-8080-exec-2] o.s.web.servlet.DispatcherServlet        : Completed 200 OK
2026-04-28T16:20:36.744-03:00 DEBUG 11568 --- [BackendCelarisDis] [http-nio-8080-exec-1] o.s.security.web.FilterChainProxy        : Securing GET /auth/me
2026-04-28T16:20:36.750-03:00 DEBUG 11568 --- [BackendCelarisDis] [http-nio-8080-exec-1] o.s.security.web.FilterChainProxy        : Secured GET /auth/me
2026-04-28T16:20:36.750-03:00 DEBUG 11568 --- [BackendCelarisDis] [http-nio-8080-exec-1] o.s.web.servlet.DispatcherServlet        : GET "/Api-Backend/auth/me", parameters={}
2026-04-28T16:20:36.751-03:00 TRACE 11568 --- [BackendCelarisDis] [http-nio-8080-exec-1] s.w.s.m.m.a.RequestMappingHandlerMapping : Mapped to com.api.auth.AuthController#me(HttpServletRequest)
2026-04-28T16:20:36.755-03:00 DEBUG 11568 --- [BackendCelarisDis] [http-nio-8080-exec-1] o.s.w.s.m.m.a.HttpEntityMethodProcessor  : Using 'application/json', given [*/*] and supported [application/json, application/*+json]
2026-04-28T16:20:36.756-03:00 TRACE 11568 --- [BackendCelarisDis] [http-nio-8080-exec-1] o.s.w.s.m.m.a.HttpEntityMethodProcessor  : Writing [User(id=16, firebaseUid=9iSVqPhARbY550Lwb2fKULgf8mq1, email=giorgiouberti51@gmail.com, tenantId=16, nombre=Giorgio, edad=21, rubro=Bebidas, pushToken=null, frecuenciaDeudores=null, plan=Plan(id=2, nombre=PREMIUM_MENSUAL, precio=30000.00, maxProductos=null, whatsapp=true, contabilidad=true, notificaciones=true, soporte=WHATSAPP), trialExpira=2026-05-18T14:41:38)]
2026-04-28T16:20:36.759-03:00 DEBUG 11568 --- [BackendCelarisDis] [http-nio-8080-exec-1] o.s.web.servlet.DispatcherServlet        : Completed 200 OK
2026-04-28T16:20:36.828-03:00 DEBUG 11568 --- [BackendCelarisDis] [http-nio-8080-exec-3] o.s.security.web.FilterChainProxy        : Securing GET /planes/mi-plan
2026-04-28T16:20:36.839-03:00 DEBUG 11568 --- [BackendCelarisDis] [http-nio-8080-exec-3] o.s.security.web.FilterChainProxy        : Secured GET /planes/mi-plan
2026-04-28T16:20:36.840-03:00 DEBUG 11568 --- [BackendCelarisDis] [http-nio-8080-exec-3] o.s.web.servlet.DispatcherServlet        : GET "/Api-Backend/planes/mi-plan", parameters={}
2026-04-28T16:20:36.840-03:00 TRACE 11568 --- [BackendCelarisDis] [http-nio-8080-exec-3] s.w.s.m.m.a.RequestMappingHandlerMapping : Mapped to com.api.auth.PlanController#getMiPlan(HttpServletRequest)
2026-04-28T16:20:36.854-03:00 DEBUG 11568 --- [BackendCelarisDis] [http-nio-8080-exec-3] o.s.w.s.m.m.a.HttpEntityMethodProcessor  : Using 'application/json', given [*/*] and supported [application/json, application/*+json]
2026-04-28T16:20:36.855-03:00 TRACE 11568 --- [BackendCelarisDis] [http-nio-8080-exec-3] o.s.w.s.m.m.a.HttpEntityMethodProcessor  : Writing [Plan(id=2, nombre=PREMIUM_MENSUAL, precio=30000.00, maxProductos=null, whatsapp=true, contabilidad=true, notificaciones=true, soporte=WHATSAPP)]
2026-04-28T16:20:36.858-03:00 DEBUG 11568 --- [BackendCelarisDis] [http-nio-8080-exec-3] o.s.web.servlet.DispatcherServlet        : Completed 200 OK
2026-04-28T16:21:06.251-03:00 DEBUG 11568 --- [BackendCelarisDis] [http-nio-8080-exec-4] o.s.security.web.FilterChainProxy        : Securing GET /auth/me
2026-04-28T16:21:06.258-03:00 DEBUG 11568 --- [BackendCelarisDis] [http-nio-8080-exec-4] o.s.security.web.FilterChainProxy        : Secured GET /auth/me
2026-04-28T16:21:06.258-03:00 DEBUG 11568 --- [BackendCelarisDis] [http-nio-8080-exec-4] o.s.web.servlet.DispatcherServlet        : GET "/Api-Backend/auth/me", parameters={}
2026-04-28T16:21:06.259-03:00 TRACE 11568 --- [BackendCelarisDis] [http-nio-8080-exec-4] s.w.s.m.m.a.RequestMappingHandlerMapping : Mapped to com.api.auth.AuthController#me(HttpServletRequest)
2026-04-28T16:21:06.264-03:00 DEBUG 11568 --- [BackendCelarisDis] [http-nio-8080-exec-4] o.s.w.s.m.m.a.HttpEntityMethodProcessor  : Using 'application/json', given [*/*] and supported [application/json, application/*+json]
2026-04-28T16:21:06.264-03:00 TRACE 11568 --- [BackendCelarisDis] [http-nio-8080-exec-4] o.s.w.s.m.m.a.HttpEntityMethodProcessor  : Writing [User(id=16, firebaseUid=9iSVqPhARbY550Lwb2fKULgf8mq1, email=giorgiouberti51@gmail.com, tenantId=16, nombre=Giorgio, edad=21, rubro=Bebidas, pushToken=null, frecuenciaDeudores=null, plan=Plan(id=2, nombre=PREMIUM_MENSUAL, precio=30000.00, maxProductos=null, whatsapp=true, contabilidad=true, notificaciones=true, soporte=WHATSAPP), trialExpira=2026-05-18T14:41:38)]
2026-04-28T16:21:06.266-03:00 DEBUG 11568 --- [BackendCelarisDis] [http-nio-8080-exec-4] o.s.web.servlet.DispatcherServlet        : Completed 200 OK
2026-04-28T16:21:06.321-03:00 DEBUG 11568 --- [BackendCelarisDis] [http-nio-8080-exec-5] o.s.security.web.FilterChainProxy        : Securing GET /planes/mi-plan
2026-04-28T16:21:06.327-03:00 DEBUG 11568 --- [BackendCelarisDis] [http-nio-8080-exec-5] o.s.security.web.FilterChainProxy        : Secured GET /planes/mi-plan
2026-04-28T16:21:06.328-03:00 DEBUG 11568 --- [BackendCelarisDis] [http-nio-8080-exec-5] o.s.web.servlet.DispatcherServlet        : GET "/Api-Backend/planes/mi-plan", parameters={}
2026-04-28T16:21:06.328-03:00 TRACE 11568 --- [BackendCelarisDis] [http-nio-8080-exec-5] s.w.s.m.m.a.RequestMappingHandlerMapping : Mapped to com.api.auth.PlanController#getMiPlan(HttpServletRequest)
2026-04-28T16:21:06.337-03:00 DEBUG 11568 --- [BackendCelarisDis] [http-nio-8080-exec-5] o.s.w.s.m.m.a.HttpEntityMethodProcessor  : Using 'application/json', given [*/*] and supported [application/json, application/*+json]
2026-04-28T16:21:06.338-03:00 TRACE 11568 --- [BackendCelarisDis] [http-nio-8080-exec-5] o.s.w.s.m.m.a.HttpEntityMethodProcessor  : Writing [Plan(id=2, nombre=PREMIUM_MENSUAL, precio=30000.00, maxProductos=null, whatsapp=true, contabilidad=true, notificaciones=true, soporte=WHATSAPP)]
2026-04-28T16:21:06.339-03:00 DEBUG 11568 --- [BackendCelarisDis] [http-nio-8080-exec-5] o.s.web.servlet.DispatcherServlet        : Completed 200 OK
2026-04-28T16:21:26.391-03:00 DEBUG 11568 --- [BackendCelarisDis] [http-nio-8080-exec-6] o.s.security.web.FilterChainProxy        : Securing GET /auth/me
2026-04-28T16:21:26.399-03:00 DEBUG 11568 --- [BackendCelarisDis] [http-nio-8080-exec-6] o.s.security.web.FilterChainProxy        : Secured GET /auth/me
2026-04-28T16:21:26.399-03:00 DEBUG 11568 --- [BackendCelarisDis] [http-nio-8080-exec-6] o.s.web.servlet.DispatcherServlet        : GET "/Api-Backend/auth/me", parameters={}
2026-04-28T16:21:26.399-03:00 TRACE 11568 --- [BackendCelarisDis] [http-nio-8080-exec-6] s.w.s.m.m.a.RequestMappingHandlerMapping : Mapped to com.api.auth.AuthController#me(HttpServletRequest)
2026-04-28T16:21:26.403-03:00 DEBUG 11568 --- [BackendCelarisDis] [http-nio-8080-exec-6] o.s.w.s.m.m.a.HttpEntityMethodProcessor  : Using 'application/json', given [*/*] and supported [application/json, application/*+json]
2026-04-28T16:21:26.404-03:00 TRACE 11568 --- [BackendCelarisDis] [http-nio-8080-exec-6] o.s.w.s.m.m.a.HttpEntityMethodProcessor  : Writing [User(id=16, firebaseUid=9iSVqPhARbY550Lwb2fKULgf8mq1, email=giorgiouberti51@gmail.com, tenantId=16, nombre=Giorgio, edad=21, rubro=Bebidas, pushToken=null, frecuenciaDeudores=null, plan=Plan(id=2, nombre=PREMIUM_MENSUAL, precio=30000.00, maxProductos=null, whatsapp=true, contabilidad=true, notificaciones=true, soporte=WHATSAPP), trialExpira=2026-05-18T14:41:38)]
2026-04-28T16:21:26.405-03:00 DEBUG 11568 --- [BackendCelarisDis] [http-nio-8080-exec-6] o.s.web.servlet.DispatcherServlet        : Completed 200 OK
2026-04-28T16:21:26.544-03:00 DEBUG 11568 --- [BackendCelarisDis] [http-nio-8080-exec-7] o.s.security.web.FilterChainProxy        : Securing GET /planes/mi-plan
2026-04-28T16:21:26.552-03:00 DEBUG 11568 --- [BackendCelarisDis] [http-nio-8080-exec-7] o.s.security.web.FilterChainProxy        : Secured GET /planes/mi-plan
2026-04-28T16:21:26.553-03:00 DEBUG 11568 --- [BackendCelarisDis] [http-nio-8080-exec-7] o.s.web.servlet.DispatcherServlet        : GET "/Api-Backend/planes/mi-plan", parameters={}
2026-04-28T16:21:26.553-03:00 TRACE 11568 --- [BackendCelarisDis] [http-nio-8080-exec-7] s.w.s.m.m.a.RequestMappingHandlerMapping : Mapped to com.api.auth.PlanController#getMiPlan(HttpServletRequest)
2026-04-28T16:21:26.570-03:00 DEBUG 11568 --- [BackendCelarisDis] [http-nio-8080-exec-7] o.s.w.s.m.m.a.HttpEntityMethodProcessor  : Using 'application/json', given [*/*] and supported [application/json, application/*+json]
2026-04-28T16:21:26.570-03:00 TRACE 11568 --- [BackendCelarisDis] [http-nio-8080-exec-7] o.s.w.s.m.m.a.HttpEntityMethodProcessor  : Writing [Plan(id=2, nombre=PREMIUM_MENSUAL, precio=30000.00, maxProductos=null, whatsapp=true, contabilidad=true, notificaciones=true, soporte=WHATSAPP)]
2026-04-28T16:21:26.572-03:00 DEBUG 11568 --- [BackendCelarisDis] [http-nio-8080-exec-7] o.s.web.servlet.DispatcherServlet        : Completed 200 OK
2026-04-28T16:21:32.128-03:00 DEBUG 11568 --- [BackendCelarisDis] [http-nio-8080-exec-8] o.s.security.web.FilterChainProxy        : Securing GET /auth/me
2026-04-28T16:21:32.138-03:00 DEBUG 11568 --- [BackendCelarisDis] [http-nio-8080-exec-8] o.s.security.web.FilterChainProxy        : Secured GET /auth/me
2026-04-28T16:21:32.138-03:00 DEBUG 11568 --- [BackendCelarisDis] [http-nio-8080-exec-8] o.s.web.servlet.DispatcherServlet        : GET "/Api-Backend/auth/me", parameters={}
2026-04-28T16:21:32.138-03:00 TRACE 11568 --- [BackendCelarisDis] [http-nio-8080-exec-8] s.w.s.m.m.a.RequestMappingHandlerMapping : Mapped to com.api.auth.AuthController#me(HttpServletRequest)
2026-04-28T16:21:32.143-03:00 DEBUG 11568 --- [BackendCelarisDis] [http-nio-8080-exec-8] o.s.w.s.m.m.a.HttpEntityMethodProcessor  : Using 'application/json', given [*/*] and supported [application/json, application/*+json]
2026-04-28T16:21:32.143-03:00 TRACE 11568 --- [BackendCelarisDis] [http-nio-8080-exec-8] o.s.w.s.m.m.a.HttpEntityMethodProcessor  : Writing [User(id=16, firebaseUid=9iSVqPhARbY550Lwb2fKULgf8mq1, email=giorgiouberti51@gmail.com, tenantId=16, nombre=Giorgio, edad=21, rubro=Bebidas, pushToken=null, frecuenciaDeudores=null, plan=Plan(id=2, nombre=PREMIUM_MENSUAL, precio=30000.00, maxProductos=null, whatsapp=true, contabilidad=true, notificaciones=true, soporte=WHATSAPP), trialExpira=2026-05-18T14:41:38)]
2026-04-28T16:21:32.145-03:00 DEBUG 11568 --- [BackendCelarisDis] [http-nio-8080-exec-8] o.s.web.servlet.DispatcherServlet        : Completed 200 OK
2026-04-28T16:21:32.226-03:00 DEBUG 11568 --- [BackendCelarisDis] [http-nio-8080-exec-9] o.s.security.web.FilterChainProxy        : Securing GET /planes/mi-plan
2026-04-28T16:21:32.237-03:00 DEBUG 11568 --- [BackendCelarisDis] [http-nio-8080-exec-9] o.s.security.web.FilterChainProxy        : Secured GET /planes/mi-plan
2026-04-28T16:21:32.238-03:00 DEBUG 11568 --- [BackendCelarisDis] [http-nio-8080-exec-9] o.s.web.servlet.DispatcherServlet        : GET "/Api-Backend/planes/mi-plan", parameters={}
2026-04-28T16:21:32.238-03:00 TRACE 11568 --- [BackendCelarisDis] [http-nio-8080-exec-9] s.w.s.m.m.a.RequestMappingHandlerMapping : Mapped to com.api.auth.PlanController#getMiPlan(HttpServletRequest)
2026-04-28T16:21:32.253-03:00 DEBUG 11568 --- [BackendCelarisDis] [http-nio-8080-exec-9] o.s.w.s.m.m.a.HttpEntityMethodProcessor  : Using 'application/json', given [*/*] and supported [application/json, application/*+json]
2026-04-28T16:21:32.253-03:00 TRACE 11568 --- [BackendCelarisDis] [http-nio-8080-exec-9] o.s.w.s.m.m.a.HttpEntityMethodProcessor  : Writing [Plan(id=2, nombre=PREMIUM_MENSUAL, precio=30000.00, maxProductos=null, whatsapp=true, contabilidad=true, notificaciones=true, soporte=WHATSAPP)]
2026-04-28T16:21:32.255-03:00 DEBUG 11568 --- [BackendCelarisDis] [http-nio-8080-exec-9] o.s.web.servlet.DispatcherServlet        : Completed 200 OK
2026-04-28T16:21:40.026-03:00 DEBUG 11568 --- [BackendCelarisDis] [http-nio-8080-exec-2] o.s.security.web.FilterChainProxy        : Securing GET /auth/me
2026-04-28T16:21:40.034-03:00 DEBUG 11568 --- [BackendCelarisDis] [http-nio-8080-exec-2] o.s.security.web.FilterChainProxy        : Secured GET /auth/me
2026-04-28T16:21:40.035-03:00 DEBUG 11568 --- [BackendCelarisDis] [http-nio-8080-exec-2] o.s.web.servlet.DispatcherServlet        : GET "/Api-Backend/auth/me", parameters={}
2026-04-28T16:21:40.035-03:00 TRACE 11568 --- [BackendCelarisDis] [http-nio-8080-exec-2] s.w.s.m.m.a.RequestMappingHandlerMapping : Mapped to com.api.auth.AuthController#me(HttpServletRequest)
2026-04-28T16:21:40.041-03:00 DEBUG 11568 --- [BackendCelarisDis] [http-nio-8080-exec-2] o.s.w.s.m.m.a.HttpEntityMethodProcessor  : Using 'application/json', given [*/*] and supported [application/json, application/*+json]
2026-04-28T16:21:40.042-03:00 TRACE 11568 --- [BackendCelarisDis] [http-nio-8080-exec-2] o.s.w.s.m.m.a.HttpEntityMethodProcessor  : Writing [User(id=16, firebaseUid=9iSVqPhARbY550Lwb2fKULgf8mq1, email=giorgiouberti51@gmail.com, tenantId=16, nombre=Giorgio, edad=21, rubro=Bebidas, pushToken=null, frecuenciaDeudores=null, plan=Plan(id=2, nombre=PREMIUM_MENSUAL, precio=30000.00, maxProductos=null, whatsapp=true, contabilidad=true, notificaciones=true, soporte=WHATSAPP), trialExpira=2026-05-18T14:41:38)]
2026-04-28T16:21:40.043-03:00 DEBUG 11568 --- [BackendCelarisDis] [http-nio-8080-exec-2] o.s.web.servlet.DispatcherServlet        : Completed 200 OK
2026-04-28T16:21:40.094-03:00 DEBUG 11568 --- [BackendCelarisDis] [http-nio-8080-exec-10] o.s.security.web.FilterChainProxy        : Securing GET /planes/mi-plan
2026-04-28T16:21:40.101-03:00 DEBUG 11568 --- [BackendCelarisDis] [http-nio-8080-exec-10] o.s.security.web.FilterChainProxy        : Secured GET /planes/mi-plan
2026-04-28T16:21:40.101-03:00 DEBUG 11568 --- [BackendCelarisDis] [http-nio-8080-exec-10] o.s.web.servlet.DispatcherServlet        : GET "/Api-Backend/planes/mi-plan", parameters={}
2026-04-28T16:21:40.101-03:00 TRACE 11568 --- [BackendCelarisDis] [http-nio-8080-exec-10] s.w.s.m.m.a.RequestMappingHandlerMapping : Mapped to com.api.auth.PlanController#getMiPlan(HttpServletRequest)
2026-04-28T16:21:40.111-03:00 DEBUG 11568 --- [BackendCelarisDis] [http-nio-8080-exec-10] o.s.w.s.m.m.a.HttpEntityMethodProcessor  : Using 'application/json', given [*/*] and supported [application/json, application/*+json]
2026-04-28T16:21:40.111-03:00 TRACE 11568 --- [BackendCelarisDis] [http-nio-8080-exec-10] o.s.w.s.m.m.a.HttpEntityMethodProcessor  : Writing [Plan(id=2, nombre=PREMIUM_MENSUAL, precio=30000.00, maxProductos=null, whatsapp=true, contabilidad=true, notificaciones=true, soporte=WHATSAPP)]
2026-04-28T16:21:40.112-03:00 DEBUG 11568 --- [BackendCelarisDis] [http-nio-8080-exec-10] o.s.web.servlet.DispatcherServlet        : Completed 200 OK
2026-04-28T16:21:46.583-03:00 DEBUG 11568 --- [BackendCelarisDis] [http-nio-8080-exec-1] o.s.security.web.FilterChainProxy        : Securing GET /auth/me
2026-04-28T16:21:46.590-03:00 DEBUG 11568 --- [BackendCelarisDis] [http-nio-8080-exec-1] o.s.security.web.FilterChainProxy        : Secured GET /auth/me
2026-04-28T16:21:46.590-03:00 DEBUG 11568 --- [BackendCelarisDis] [http-nio-8080-exec-1] o.s.web.servlet.DispatcherServlet        : GET "/Api-Backend/auth/me", parameters={}
2026-04-28T16:21:46.590-03:00 TRACE 11568 --- [BackendCelarisDis] [http-nio-8080-exec-1] s.w.s.m.m.a.RequestMappingHandlerMapping : Mapped to com.api.auth.AuthController#me(HttpServletRequest)
2026-04-28T16:21:46.596-03:00 DEBUG 11568 --- [BackendCelarisDis] [http-nio-8080-exec-1] o.s.w.s.m.m.a.HttpEntityMethodProcessor  : Using 'application/json', given [*/*] and supported [application/json, application/*+json]
2026-04-28T16:21:46.596-03:00 TRACE 11568 --- [BackendCelarisDis] [http-nio-8080-exec-1] o.s.w.s.m.m.a.HttpEntityMethodProcessor  : Writing [User(id=16, firebaseUid=9iSVqPhARbY550Lwb2fKULgf8mq1, email=giorgiouberti51@gmail.com, tenantId=16, nombre=Giorgio, edad=21, rubro=Bebidas, pushToken=null, frecuenciaDeudores=null, plan=Plan(id=2, nombre=PREMIUM_MENSUAL, precio=30000.00, maxProductos=null, whatsapp=true, contabilidad=true, notificaciones=true, soporte=WHATSAPP), trialExpira=2026-05-18T14:41:38)]
2026-04-28T16:21:46.597-03:00 DEBUG 11568 --- [BackendCelarisDis] [http-nio-8080-exec-1] o.s.web.servlet.DispatcherServlet        : Completed 200 OK
2026-04-28T16:21:46.695-03:00 DEBUG 11568 --- [BackendCelarisDis] [http-nio-8080-exec-3] o.s.security.web.FilterChainProxy        : Securing GET /planes/mi-plan
2026-04-28T16:21:46.701-03:00 DEBUG 11568 --- [BackendCelarisDis] [http-nio-8080-exec-3] o.s.security.web.FilterChainProxy        : Secured GET /planes/mi-plan
2026-04-28T16:21:46.701-03:00 DEBUG 11568 --- [BackendCelarisDis] [http-nio-8080-exec-3] o.s.web.servlet.DispatcherServlet        : GET "/Api-Backend/planes/mi-plan", parameters={}
2026-04-28T16:21:46.702-03:00 TRACE 11568 --- [BackendCelarisDis] [http-nio-8080-exec-3] s.w.s.m.m.a.RequestMappingHandlerMapping : Mapped to com.api.auth.PlanController#getMiPlan(HttpServletRequest)
2026-04-28T16:21:46.712-03:00 DEBUG 11568 --- [BackendCelarisDis] [http-nio-8080-exec-3] o.s.w.s.m.m.a.HttpEntityMethodProcessor  : Using 'application/json', given [*/*] and supported [application/json, application/*+json]
2026-04-28T16:21:46.712-03:00 TRACE 11568 --- [BackendCelarisDis] [http-nio-8080-exec-3] o.s.w.s.m.m.a.HttpEntityMethodProcessor  : Writing [Plan(id=2, nombre=PREMIUM_MENSUAL, precio=30000.00, maxProductos=null, whatsapp=true, contabilidad=true, notificaciones=true, soporte=WHATSAPP)]
2026-04-28T16:21:46.714-03:00 DEBUG 11568 --- [BackendCelarisDis] [http-nio-8080-exec-3] o.s.web.servlet.DispatcherServlet        : Completed 200 OK
2026-04-28T16:21:54.605-03:00 DEBUG 11568 --- [BackendCelarisDis] [http-nio-8080-exec-4] o.s.security.web.FilterChainProxy        : Securing GET /auth/me
2026-04-28T16:21:54.611-03:00 DEBUG 11568 --- [BackendCelarisDis] [http-nio-8080-exec-4] o.s.security.web.FilterChainProxy        : Secured GET /auth/me
2026-04-28T16:21:54.611-03:00 DEBUG 11568 --- [BackendCelarisDis] [http-nio-8080-exec-4] o.s.web.servlet.DispatcherServlet        : GET "/Api-Backend/auth/me", parameters={}
2026-04-28T16:21:54.612-03:00 TRACE 11568 --- [BackendCelarisDis] [http-nio-8080-exec-4] s.w.s.m.m.a.RequestMappingHandlerMapping : Mapped to com.api.auth.AuthController#me(HttpServletRequest)
2026-04-28T16:21:54.615-03:00 DEBUG 11568 --- [BackendCelarisDis] [http-nio-8080-exec-4] o.s.w.s.m.m.a.HttpEntityMethodProcessor  : Using 'application/json', given [*/*] and supported [application/json, application/*+json]
2026-04-28T16:21:54.616-03:00 TRACE 11568 --- [BackendCelarisDis] [http-nio-8080-exec-4] o.s.w.s.m.m.a.HttpEntityMethodProcessor  : Writing [User(id=16, firebaseUid=9iSVqPhARbY550Lwb2fKULgf8mq1, email=giorgiouberti51@gmail.com, tenantId=16, nombre=Giorgio, edad=21, rubro=Bebidas, pushToken=null, frecuenciaDeudores=null, plan=Plan(id=2, nombre=PREMIUM_MENSUAL, precio=30000.00, maxProductos=null, whatsapp=true, contabilidad=true, notificaciones=true, soporte=WHATSAPP), trialExpira=2026-05-18T14:41:38)]
2026-04-28T16:21:54.617-03:00 DEBUG 11568 --- [BackendCelarisDis] [http-nio-8080-exec-4] o.s.web.servlet.DispatcherServlet        : Completed 200 OK
2026-04-28T16:21:54.697-03:00 DEBUG 11568 --- [BackendCelarisDis] [http-nio-8080-exec-5] o.s.security.web.FilterChainProxy        : Securing GET /planes/mi-plan
2026-04-28T16:21:54.704-03:00 DEBUG 11568 --- [BackendCelarisDis] [http-nio-8080-exec-5] o.s.security.web.FilterChainProxy        : Secured GET /planes/mi-plan
2026-04-28T16:21:54.704-03:00 DEBUG 11568 --- [BackendCelarisDis] [http-nio-8080-exec-5] o.s.web.servlet.DispatcherServlet        : GET "/Api-Backend/planes/mi-plan", parameters={}
2026-04-28T16:21:54.704-03:00 TRACE 11568 --- [BackendCelarisDis] [http-nio-8080-exec-5] s.w.s.m.m.a.RequestMappingHandlerMapping : Mapped to com.api.auth.PlanController#getMiPlan(HttpServletRequest)
2026-04-28T16:21:54.714-03:00 DEBUG 11568 --- [BackendCelarisDis] [http-nio-8080-exec-5] o.s.w.s.m.m.a.HttpEntityMethodProcessor  : Using 'application/json', given [*/*] and supported [application/json, application/*+json]
2026-04-28T16:21:54.714-03:00 TRACE 11568 --- [BackendCelarisDis] [http-nio-8080-exec-5] o.s.w.s.m.m.a.HttpEntityMethodProcessor  : Writing [Plan(id=2, nombre=PREMIUM_MENSUAL, precio=30000.00, maxProductos=null, whatsapp=true, contabilidad=true, notificaciones=true, soporte=WHATSAPP)]
2026-04-28T16:21:54.716-03:00 DEBUG 11568 --- [BackendCelarisDis] [http-nio-8080-exec-5] o.s.web.servlet.DispatcherServlet        : Completed 200 OK
2026-04-28T16:24:09.907-03:00 DEBUG 11568 --- [BackendCelarisDis] [http-nio-8080-exec-7] o.s.security.web.FilterChainProxy        : Securing GET /auth/me
2026-04-28T16:24:09.915-03:00 DEBUG 11568 --- [BackendCelarisDis] [http-nio-8080-exec-7] o.s.security.web.FilterChainProxy        : Secured GET /auth/me
2026-04-28T16:24:09.916-03:00 DEBUG 11568 --- [BackendCelarisDis] [http-nio-8080-exec-7] o.s.web.servlet.DispatcherServlet        : GET "/Api-Backend/auth/me", parameters={}
2026-04-28T16:24:09.916-03:00 TRACE 11568 --- [BackendCelarisDis] [http-nio-8080-exec-7] s.w.s.m.m.a.RequestMappingHandlerMapping : Mapped to com.api.auth.AuthController#me(HttpServletRequest)
2026-04-28T16:24:09.919-03:00 DEBUG 11568 --- [BackendCelarisDis] [http-nio-8080-exec-7] o.s.w.s.m.m.a.HttpEntityMethodProcessor  : Using 'application/json', given [*/*] and supported [application/json, application/*+json]
2026-04-28T16:24:09.920-03:00 TRACE 11568 --- [BackendCelarisDis] [http-nio-8080-exec-7] o.s.w.s.m.m.a.HttpEntityMethodProcessor  : Writing [User(id=16, firebaseUid=9iSVqPhARbY550Lwb2fKULgf8mq1, email=giorgiouberti51@gmail.com, tenantId=16, nombre=Giorgio, edad=21, rubro=Bebidas, pushToken=null, frecuenciaDeudores=null, plan=Plan(id=2, nombre=PREMIUM_MENSUAL, precio=30000.00, maxProductos=null, whatsapp=true, contabilidad=true, notificaciones=true, soporte=WHATSAPP), trialExpira=2026-05-18T14:41:38)]
2026-04-28T16:24:09.921-03:00 DEBUG 11568 --- [BackendCelarisDis] [http-nio-8080-exec-7] o.s.web.servlet.DispatcherServlet        : Completed 200 OK
2026-04-28T16:24:09.946-03:00 DEBUG 11568 --- [BackendCelarisDis] [http-nio-8080-exec-8] o.s.security.web.FilterChainProxy        : Securing GET /planes/mi-plan
2026-04-28T16:24:09.955-03:00 DEBUG 11568 --- [BackendCelarisDis] [http-nio-8080-exec-8] o.s.security.web.FilterChainProxy        : Secured GET /planes/mi-plan
2026-04-28T16:24:09.955-03:00 DEBUG 11568 --- [BackendCelarisDis] [http-nio-8080-exec-8] o.s.web.servlet.DispatcherServlet        : GET "/Api-Backend/planes/mi-plan", parameters={}
2026-04-28T16:24:09.955-03:00 TRACE 11568 --- [BackendCelarisDis] [http-nio-8080-exec-8] s.w.s.m.m.a.RequestMappingHandlerMapping : Mapped to com.api.auth.PlanController#getMiPlan(HttpServletRequest)
2026-04-28T16:24:09.968-03:00 DEBUG 11568 --- [BackendCelarisDis] [http-nio-8080-exec-8] o.s.w.s.m.m.a.HttpEntityMethodProcessor  : Using 'application/json', given [*/*] and supported [application/json, application/*+json]
2026-04-28T16:24:09.969-03:00 TRACE 11568 --- [BackendCelarisDis] [http-nio-8080-exec-8] o.s.w.s.m.m.a.HttpEntityMethodProcessor  : Writing [Plan(id=2, nombre=PREMIUM_MENSUAL, precio=30000.00, maxProductos=null, whatsapp=true, contabilidad=true, notificaciones=true, soporte=WHATSAPP)]
2026-04-28T16:24:09.972-03:00 DEBUG 11568 --- [BackendCelarisDis] [http-nio-8080-exec-8] o.s.web.servlet.DispatcherServlet        : Completed 200 OK
2026-04-28T16:24:11.714-03:00 DEBUG 11568 --- [BackendCelarisDis] [http-nio-8080-exec-9] o.s.security.web.FilterChainProxy        : Securing GET /planes/mi-plan
2026-04-28T16:24:11.724-03:00 DEBUG 11568 --- [BackendCelarisDis] [http-nio-8080-exec-9] o.s.security.web.FilterChainProxy        : Secured GET /planes/mi-plan
2026-04-28T16:24:11.725-03:00 DEBUG 11568 --- [BackendCelarisDis] [http-nio-8080-exec-9] o.s.web.servlet.DispatcherServlet        : GET "/Api-Backend/planes/mi-plan", parameters={}
2026-04-28T16:24:11.725-03:00 TRACE 11568 --- [BackendCelarisDis] [http-nio-8080-exec-9] s.w.s.m.m.a.RequestMappingHandlerMapping : Mapped to com.api.auth.PlanController#getMiPlan(HttpServletRequest)
2026-04-28T16:24:11.734-03:00 DEBUG 11568 --- [BackendCelarisDis] [http-nio-8080-exec-9] o.s.w.s.m.m.a.HttpEntityMethodProcessor  : Using 'application/json', given [*/*] and supported [application/json, application/*+json]
2026-04-28T16:24:11.735-03:00 TRACE 11568 --- [BackendCelarisDis] [http-nio-8080-exec-9] o.s.w.s.m.m.a.HttpEntityMethodProcessor  : Writing [Plan(id=2, nombre=PREMIUM_MENSUAL, precio=30000.00, maxProductos=null, whatsapp=true, contabilidad=true, notificaciones=true, soporte=WHATSAPP)]
2026-04-28T16:24:11.736-03:00 DEBUG 11568 --- [BackendCelarisDis] [http-nio-8080-exec-9] o.s.web.servlet.DispatcherServlet        : Completed 200 OK
2026-04-28T16:24:12.993-03:00 DEBUG 11568 --- [BackendCelarisDis] [http-nio-8080-exec-2] o.s.security.web.FilterChainProxy        : Securing GET /auth/me
2026-04-28T16:24:12.998-03:00 DEBUG 11568 --- [BackendCelarisDis] [http-nio-8080-exec-2] o.s.security.web.FilterChainProxy        : Secured GET /auth/me
2026-04-28T16:24:12.998-03:00 DEBUG 11568 --- [BackendCelarisDis] [http-nio-8080-exec-2] o.s.web.servlet.DispatcherServlet        : GET "/Api-Backend/auth/me", parameters={}
2026-04-28T16:24:12.999-03:00 TRACE 11568 --- [BackendCelarisDis] [http-nio-8080-exec-2] s.w.s.m.m.a.RequestMappingHandlerMapping : Mapped to com.api.auth.AuthController#me(HttpServletRequest)
2026-04-28T16:24:13.005-03:00 DEBUG 11568 --- [BackendCelarisDis] [http-nio-8080-exec-2] o.s.w.s.m.m.a.HttpEntityMethodProcessor  : Using 'application/json', given [*/*] and supported [application/json, application/*+json]
2026-04-28T16:24:13.005-03:00 TRACE 11568 --- [BackendCelarisDis] [http-nio-8080-exec-2] o.s.w.s.m.m.a.HttpEntityMethodProcessor  : Writing [User(id=16, firebaseUid=9iSVqPhARbY550Lwb2fKULgf8mq1, email=giorgiouberti51@gmail.com, tenantId=16, nombre=Giorgio, edad=21, rubro=Bebidas, pushToken=null, frecuenciaDeudores=null, plan=Plan(id=2, nombre=PREMIUM_MENSUAL, precio=30000.00, maxProductos=null, whatsapp=true, contabilidad=true, notificaciones=true, soporte=WHATSAPP), trialExpira=2026-05-18T14:41:38)]
2026-04-28T16:24:13.007-03:00 DEBUG 11568 --- [BackendCelarisDis] [http-nio-8080-exec-2] o.s.web.servlet.DispatcherServlet        : Completed 200 OK
2026-04-28T16:24:13.066-03:00 DEBUG 11568 --- [BackendCelarisDis] [http-nio-8080-exec-10] o.s.security.web.FilterChainProxy        : Securing GET /planes/mi-plan
2026-04-28T16:24:13.071-03:00 DEBUG 11568 --- [BackendCelarisDis] [http-nio-8080-exec-10] o.s.security.web.FilterChainProxy        : Secured GET /planes/mi-plan
2026-04-28T16:24:13.072-03:00 DEBUG 11568 --- [BackendCelarisDis] [http-nio-8080-exec-10] o.s.web.servlet.DispatcherServlet        : GET "/Api-Backend/planes/mi-plan", parameters={}
2026-04-28T16:24:13.072-03:00 TRACE 11568 --- [BackendCelarisDis] [http-nio-8080-exec-10] s.w.s.m.m.a.RequestMappingHandlerMapping : Mapped to com.api.auth.PlanController#getMiPlan(HttpServletRequest)
2026-04-28T16:24:13.081-03:00 DEBUG 11568 --- [BackendCelarisDis] [http-nio-8080-exec-10] o.s.w.s.m.m.a.HttpEntityMethodProcessor  : Using 'application/json', given [*/*] and supported [application/json, application/*+json]
2026-04-28T16:24:13.081-03:00 TRACE 11568 --- [BackendCelarisDis] [http-nio-8080-exec-10] o.s.w.s.m.m.a.HttpEntityMethodProcessor  : Writing [Plan(id=2, nombre=PREMIUM_MENSUAL, precio=30000.00, maxProductos=null, whatsapp=true, contabilidad=true, notificaciones=true, soporte=WHATSAPP)]
2026-04-28T16:24:13.082-03:00 DEBUG 11568 --- [BackendCelarisDis] [http-nio-8080-exec-10] o.s.web.servlet.DispatcherServlet        : Completed 200 OK
2026-04-28T16:24:55.641-03:00 DEBUG 11568 --- [BackendCelarisDis] [http-nio-8080-exec-1] o.s.security.web.FilterChainProxy        : Securing GET /auth/me
2026-04-28T16:24:55.651-03:00 DEBUG 11568 --- [BackendCelarisDis] [http-nio-8080-exec-1] o.s.security.web.FilterChainProxy        : Secured GET /auth/me
2026-04-28T16:24:55.651-03:00 DEBUG 11568 --- [BackendCelarisDis] [http-nio-8080-exec-1] o.s.web.servlet.DispatcherServlet        : GET "/Api-Backend/auth/me", parameters={}
2026-04-28T16:24:55.652-03:00 TRACE 11568 --- [BackendCelarisDis] [http-nio-8080-exec-1] s.w.s.m.m.a.RequestMappingHandlerMapping : Mapped to com.api.auth.AuthController#me(HttpServletRequest)
2026-04-28T16:24:55.656-03:00 DEBUG 11568 --- [BackendCelarisDis] [http-nio-8080-exec-1] o.s.w.s.m.m.a.HttpEntityMethodProcessor  : Using 'application/json', given [*/*] and supported [application/json, application/*+json]
2026-04-28T16:24:55.656-03:00 TRACE 11568 --- [BackendCelarisDis] [http-nio-8080-exec-1] o.s.w.s.m.m.a.HttpEntityMethodProcessor  : Writing [User(id=16, firebaseUid=9iSVqPhARbY550Lwb2fKULgf8mq1, email=giorgiouberti51@gmail.com, tenantId=16, nombre=Giorgio, edad=21, rubro=Bebidas, pushToken=null, frecuenciaDeudores=null, plan=Plan(id=2, nombre=PREMIUM_MENSUAL, precio=30000.00, maxProductos=null, whatsapp=true, contabilidad=true, notificaciones=true, soporte=WHATSAPP), trialExpira=2026-05-18T14:41:38)]
2026-04-28T16:24:55.657-03:00 DEBUG 11568 --- [BackendCelarisDis] [http-nio-8080-exec-1] o.s.web.servlet.DispatcherServlet        : Completed 200 OK
2026-04-28T16:24:55.745-03:00 DEBUG 11568 --- [BackendCelarisDis] [http-nio-8080-exec-3] o.s.security.web.FilterChainProxy        : Securing GET /planes/mi-plan
2026-04-28T16:24:55.751-03:00 DEBUG 11568 --- [BackendCelarisDis] [http-nio-8080-exec-3] o.s.security.web.FilterChainProxy        : Secured GET /planes/mi-plan
2026-04-28T16:24:55.751-03:00 DEBUG 11568 --- [BackendCelarisDis] [http-nio-8080-exec-3] o.s.web.servlet.DispatcherServlet        : GET "/Api-Backend/planes/mi-plan", parameters={}
2026-04-28T16:24:55.752-03:00 TRACE 11568 --- [BackendCelarisDis] [http-nio-8080-exec-3] s.w.s.m.m.a.RequestMappingHandlerMapping : Mapped to com.api.auth.PlanController#getMiPlan(HttpServletRequest)
2026-04-28T16:24:55.761-03:00 DEBUG 11568 --- [BackendCelarisDis] [http-nio-8080-exec-3] o.s.w.s.m.m.a.HttpEntityMethodProcessor  : Using 'application/json', given [*/*] and supported [application/json, application/*+json]
2026-04-28T16:24:55.761-03:00 TRACE 11568 --- [BackendCelarisDis] [http-nio-8080-exec-3] o.s.w.s.m.m.a.HttpEntityMethodProcessor  : Writing [Plan(id=2, nombre=PREMIUM_MENSUAL, precio=30000.00, maxProductos=null, whatsapp=true, contabilidad=true, notificaciones=true, soporte=WHATSAPP)]
2026-04-28T16:24:55.762-03:00 DEBUG 11568 --- [BackendCelarisDis] [http-nio-8080-exec-3] o.s.web.servlet.DispatcherServlet        : Completed 200 OK
2026-04-28T16:25:10.391-03:00 DEBUG 11568 --- [BackendCelarisDis] [http-nio-8080-exec-4] o.s.security.web.FilterChainProxy        : Securing GET /planes/mi-plan
2026-04-28T16:25:10.397-03:00 DEBUG 11568 --- [BackendCelarisDis] [http-nio-8080-exec-4] o.s.security.web.FilterChainProxy        : Secured GET /planes/mi-plan
2026-04-28T16:25:10.397-03:00 DEBUG 11568 --- [BackendCelarisDis] [http-nio-8080-exec-4] o.s.web.servlet.DispatcherServlet        : GET "/Api-Backend/planes/mi-plan", parameters={}
2026-04-28T16:25:10.397-03:00 TRACE 11568 --- [BackendCelarisDis] [http-nio-8080-exec-4] s.w.s.m.m.a.RequestMappingHandlerMapping : Mapped to com.api.auth.PlanController#getMiPlan(HttpServletRequest)
2026-04-28T16:25:10.405-03:00 DEBUG 11568 --- [BackendCelarisDis] [http-nio-8080-exec-4] o.s.w.s.m.m.a.HttpEntityMethodProcessor  : Using 'application/json', given [*/*] and supported [application/json, application/*+json]
2026-04-28T16:25:10.405-03:00 TRACE 11568 --- [BackendCelarisDis] [http-nio-8080-exec-4] o.s.w.s.m.m.a.HttpEntityMethodProcessor  : Writing [Plan(id=2, nombre=PREMIUM_MENSUAL, precio=30000.00, maxProductos=null, whatsapp=true, contabilidad=true, notificaciones=true, soporte=WHATSAPP)]
2026-04-28T16:25:10.406-03:00 DEBUG 11568 --- [BackendCelarisDis] [http-nio-8080-exec-4] o.s.web.servlet.DispatcherServlet        : Completed 200 OK
2026-04-28T16:25:44.652-03:00 DEBUG 11568 --- [BackendCelarisDis] [http-nio-8080-exec-5] o.s.security.web.FilterChainProxy        : Securing GET /planes/mi-plan
2026-04-28T16:25:44.660-03:00 DEBUG 11568 --- [BackendCelarisDis] [http-nio-8080-exec-5] o.s.security.web.FilterChainProxy        : Secured GET /planes/mi-plan
2026-04-28T16:25:44.660-03:00 DEBUG 11568 --- [BackendCelarisDis] [http-nio-8080-exec-5] o.s.web.servlet.DispatcherServlet        : GET "/Api-Backend/planes/mi-plan", parameters={}
2026-04-28T16:25:44.660-03:00 TRACE 11568 --- [BackendCelarisDis] [http-nio-8080-exec-5] s.w.s.m.m.a.RequestMappingHandlerMapping : Mapped to com.api.auth.PlanController#getMiPlan(HttpServletRequest)
2026-04-28T16:25:44.668-03:00 DEBUG 11568 --- [BackendCelarisDis] [http-nio-8080-exec-5] o.s.w.s.m.m.a.HttpEntityMethodProcessor  : Using 'application/json', given [*/*] and supported [application/json, application/*+json]
2026-04-28T16:25:44.668-03:00 TRACE 11568 --- [BackendCelarisDis] [http-nio-8080-exec-5] o.s.w.s.m.m.a.HttpEntityMethodProcessor  : Writing [Plan(id=2, nombre=PREMIUM_MENSUAL, precio=30000.00, maxProductos=null, whatsapp=true, contabilidad=true, notificaciones=true, soporte=WHATSAPP)]
2026-04-28T16:25:44.670-03:00 DEBUG 11568 --- [BackendCelarisDis] [http-nio-8080-exec-5] o.s.web.servlet.DispatcherServlet        : Completed 200 OK
2026-04-28T16:25:50.689-03:00 DEBUG 11568 --- [BackendCelarisDis] [http-nio-8080-exec-6] o.s.security.web.FilterChainProxy        : Securing GET /auth/me
2026-04-28T16:25:50.695-03:00 DEBUG 11568 --- [BackendCelarisDis] [http-nio-8080-exec-6] o.s.security.web.FilterChainProxy        : Secured GET /auth/me
2026-04-28T16:25:50.695-03:00 DEBUG 11568 --- [BackendCelarisDis] [http-nio-8080-exec-6] o.s.web.servlet.DispatcherServlet        : GET "/Api-Backend/auth/me", parameters={}
2026-04-28T16:25:50.695-03:00 TRACE 11568 --- [BackendCelarisDis] [http-nio-8080-exec-6] s.w.s.m.m.a.RequestMappingHandlerMapping : Mapped to com.api.auth.AuthController#me(HttpServletRequest)
2026-04-28T16:25:50.699-03:00 DEBUG 11568 --- [BackendCelarisDis] [http-nio-8080-exec-6] o.s.w.s.m.m.a.HttpEntityMethodProcessor  : Using 'application/json', given [*/*] and supported [application/json, application/*+json]
2026-04-28T16:25:50.700-03:00 TRACE 11568 --- [BackendCelarisDis] [http-nio-8080-exec-6] o.s.w.s.m.m.a.HttpEntityMethodProcessor  : Writing [User(id=16, firebaseUid=9iSVqPhARbY550Lwb2fKULgf8mq1, email=giorgiouberti51@gmail.com, tenantId=16, nombre=Giorgio, edad=21, rubro=Bebidas, pushToken=null, frecuenciaDeudores=null, plan=Plan(id=2, nombre=PREMIUM_MENSUAL, precio=30000.00, maxProductos=null, whatsapp=true, contabilidad=true, notificaciones=true, soporte=WHATSAPP), trialExpira=2026-05-18T14:41:38)]
2026-04-28T16:25:50.701-03:00 DEBUG 11568 --- [BackendCelarisDis] [http-nio-8080-exec-6] o.s.web.servlet.DispatcherServlet        : Completed 200 OK
2026-04-28T16:25:51.293-03:00 DEBUG 11568 --- [BackendCelarisDis] [http-nio-8080-exec-7] o.s.security.web.FilterChainProxy        : Securing GET /control/ventas/reservadas
2026-04-28T16:25:51.299-03:00 DEBUG 11568 --- [BackendCelarisDis] [http-nio-8080-exec-7] o.s.security.web.FilterChainProxy        : Secured GET /control/ventas/reservadas
2026-04-28T16:25:51.300-03:00 DEBUG 11568 --- [BackendCelarisDis] [http-nio-8080-exec-7] o.s.web.servlet.DispatcherServlet        : GET "/Api-Backend/control/ventas/reservadas", parameters={}
2026-04-28T16:25:51.300-03:00 TRACE 11568 --- [BackendCelarisDis] [http-nio-8080-exec-7] s.w.s.m.m.a.RequestMappingHandlerMapping : Mapped to com.api.controlador.conVentas#getReservadas(HttpServletRequest)
2026-04-28T16:25:51.303-03:00 DEBUG 11568 --- [BackendCelarisDis] [http-nio-8080-exec-8] o.s.security.web.FilterChainProxy        : Securing GET /control/ventas
2026-04-28T16:25:51.306-03:00 DEBUG 11568 --- [BackendCelarisDis] [http-nio-8080-exec-7] o.s.w.s.m.m.a.HttpEntityMethodProcessor  : Using 'application/json', given [*/*] and supported [application/json, application/*+json]
2026-04-28T16:25:51.306-03:00 TRACE 11568 --- [BackendCelarisDis] [http-nio-8080-exec-7] o.s.w.s.m.m.a.HttpEntityMethodProcessor  : Writing [[]]
2026-04-28T16:25:51.308-03:00 DEBUG 11568 --- [BackendCelarisDis] [http-nio-8080-exec-7] o.s.web.servlet.DispatcherServlet        : Completed 200 OK
2026-04-28T16:25:51.312-03:00 DEBUG 11568 --- [BackendCelarisDis] [http-nio-8080-exec-8] o.s.security.web.FilterChainProxy        : Secured GET /control/ventas
2026-04-28T16:25:51.312-03:00 DEBUG 11568 --- [BackendCelarisDis] [http-nio-8080-exec-8] o.s.web.servlet.DispatcherServlet        : GET "/Api-Backend/control/ventas", parameters={}
2026-04-28T16:25:51.312-03:00 TRACE 11568 --- [BackendCelarisDis] [http-nio-8080-exec-8] s.w.s.m.m.a.RequestMappingHandlerMapping : Mapped to com.api.controlador.conVentas#getAll(HttpServletRequest)
2026-04-28T16:25:51.318-03:00 DEBUG 11568 --- [BackendCelarisDis] [http-nio-8080-exec-8] o.s.w.s.m.m.a.HttpEntityMethodProcessor  : Using 'application/json', given [*/*] and supported [application/json, application/*+json]
2026-04-28T16:25:51.319-03:00 TRACE 11568 --- [BackendCelarisDis] [http-nio-8080-exec-8] o.s.w.s.m.m.a.HttpEntityMethodProcessor  : Writing [[]]
2026-04-28T16:25:51.320-03:00 DEBUG 11568 --- [BackendCelarisDis] [http-nio-8080-exec-8] o.s.web.servlet.DispatcherServlet        : Completed 200 OK
2026-04-28T16:25:51.348-03:00 DEBUG 11568 --- [BackendCelarisDis] [http-nio-8080-exec-9] o.s.security.web.FilterChainProxy        : Securing GET /control/ventas/top-productos
2026-04-28T16:25:51.354-03:00 DEBUG 11568 --- [BackendCelarisDis] [http-nio-8080-exec-9] o.s.security.web.FilterChainProxy        : Secured GET /control/ventas/top-productos
2026-04-28T16:25:51.354-03:00 DEBUG 11568 --- [BackendCelarisDis] [http-nio-8080-exec-9] o.s.web.servlet.DispatcherServlet        : GET "/Api-Backend/control/ventas/top-productos", parameters={}
2026-04-28T16:25:51.354-03:00 TRACE 11568 --- [BackendCelarisDis] [http-nio-8080-exec-9] s.w.s.m.m.a.RequestMappingHandlerMapping : Mapped to com.api.controlador.conVentas#getTop(HttpServletRequest)
2026-04-28T16:25:51.364-03:00 DEBUG 11568 --- [BackendCelarisDis] [http-nio-8080-exec-9] o.s.w.s.m.m.a.HttpEntityMethodProcessor  : Using 'application/json', given [*/*] and supported [application/json, application/*+json]
2026-04-28T16:25:51.365-03:00 TRACE 11568 --- [BackendCelarisDis] [http-nio-8080-exec-9] o.s.w.s.m.m.a.HttpEntityMethodProcessor  : Writing [[]]
2026-04-28T16:25:51.366-03:00 DEBUG 11568 --- [BackendCelarisDis] [http-nio-8080-exec-9] o.s.web.servlet.DispatcherServlet        : Completed 200 OK
2026-04-28T16:25:57.636-03:00 DEBUG 11568 --- [BackendCelarisDis] [http-nio-8080-exec-2] o.s.security.web.FilterChainProxy        : Securing GET /control/productos
2026-04-28T16:25:57.643-03:00 DEBUG 11568 --- [BackendCelarisDis] [http-nio-8080-exec-2] o.s.security.web.FilterChainProxy        : Secured GET /control/productos
2026-04-28T16:25:57.643-03:00 DEBUG 11568 --- [BackendCelarisDis] [http-nio-8080-exec-2] o.s.web.servlet.DispatcherServlet        : GET "/Api-Backend/control/productos", parameters={}
2026-04-28T16:25:57.644-03:00 TRACE 11568 --- [BackendCelarisDis] [http-nio-8080-exec-2] s.w.s.m.m.a.RequestMappingHandlerMapping : Mapped to com.api.controlador.conProductos#getAll(HttpServletRequest)
2026-04-28T16:25:57.754-03:00 DEBUG 11568 --- [BackendCelarisDis] [http-nio-8080-exec-10] o.s.security.web.FilterChainProxy        : Securing GET /planes/mi-plan
2026-04-28T16:25:57.762-03:00 DEBUG 11568 --- [BackendCelarisDis] [http-nio-8080-exec-10] o.s.security.web.FilterChainProxy        : Secured GET /planes/mi-plan
2026-04-28T16:25:57.762-03:00 DEBUG 11568 --- [BackendCelarisDis] [http-nio-8080-exec-10] o.s.web.servlet.DispatcherServlet        : GET "/Api-Backend/planes/mi-plan", parameters={}
2026-04-28T16:25:57.762-03:00 TRACE 11568 --- [BackendCelarisDis] [http-nio-8080-exec-10] s.w.s.m.m.a.RequestMappingHandlerMapping : Mapped to com.api.auth.PlanController#getMiPlan(HttpServletRequest)
2026-04-28T16:25:57.770-03:00 DEBUG 11568 --- [BackendCelarisDis] [http-nio-8080-exec-10] o.s.w.s.m.m.a.HttpEntityMethodProcessor  : Using 'application/json', given [*/*] and supported [application/json, application/*+json]
2026-04-28T16:25:57.770-03:00 TRACE 11568 --- [BackendCelarisDis] [http-nio-8080-exec-10] o.s.w.s.m.m.a.HttpEntityMethodProcessor  : Writing [Plan(id=2, nombre=PREMIUM_MENSUAL, precio=30000.00, maxProductos=null, whatsapp=true, contabilidad=true, notificaciones=true, soporte=WHATSAPP)]
2026-04-28T16:25:57.772-03:00 DEBUG 11568 --- [BackendCelarisDis] [http-nio-8080-exec-10] o.s.web.servlet.DispatcherServlet        : Completed 200 OK
2026-04-28T16:25:57.794-03:00 DEBUG 11568 --- [BackendCelarisDis] [http-nio-8080-exec-2] o.s.w.s.m.m.a.HttpEntityMethodProcessor  : Using 'application/json', given [*/*] and supported [application/json, application/*+json]
2026-04-28T16:25:57.805-03:00 TRACE 11568 --- [BackendCelarisDis] [http-nio-8080-exec-2] o.s.w.s.m.m.a.HttpEntityMethodProcessor  : Writing [[productos(idProd=3, nombreProducto=Soda Estambul 9 x 500cc, precioActual=4500.00, tenantId=16, catalogo=ProductoCatalogo(id=1, nombre=Soda Estambul 9 x 500cc, rubro=Rubro(id=1, nombre=Bebidas), unidad=null, categoria=Sodas), personalizado=false), productos(idProd=4, nombreProducto=Soda Estambul 6 x 1500cc, precioActual=4500.00, tenantId=16, catalogo=ProductoCatalogo(id=2, nombre=Soda Estambul 6 x 1500cc, rubro=Rubro(id=1, nombre=Bebidas), unidad=null, categoria=Sodas), personalizado=false), productos(idProd=5, nombreProducto=Soda Estambul Sifón 6 x 1750cc, precioActual=6600.00, tenantId=16, catalogo=ProductoCatalogo(id=3, nombre=Soda Estambul Sifón 6 x 1750cc, rubro=Rubro(id=1, nombre=Bebidas), unidad=null, categoria=Sodas), personalizado=false), productos(idProd=6, nombreProducto=Agua Ivess 12 x 500cc, precioActual=6000.00, tenantId=16, catalogo=ProductoCatalogo(id=4, nombre=Agua Ivess 12 x 500cc, rubro=Rubro(id=1, nombre=Bebidas), unidad=null, categoria=Aguas), personalizado=false), productos(idProd=7, nombreProducto=Agua Ivess 6 x 1500cc, precioActual=5200.00, tenantId=16, catalogo=ProductoCatalogo(id=5, nombre=Agua Ivess 6 x 1500cc, rubro=Rubro(id=1, nombre=Bebidas), unidad=null, categoria=Aguas), personalizado=false), productos(idProd=8, nombreProducto=Agua Ivess Bidón 6.5L, precioActual=2300.00, tenantId=16, catalogo=ProductoCatalogo(id=6, nombre=Agua Ivess Bidón 6.5L, rubro=Rubro(id=1, nombre=Bebidas), unidad=null, categoria=Aguas), personalizado=false), productos(idProd=9, nombreProducto=Soda Ivess Sifón Verde 6 x 1750cc, precioActual=7400.00, tenantId=16, catalogo=ProductoCatalogo(id=7, nombre=Soda Ivess Sifón Verde 6 x 1750cc, rubro=Rubro(id=1, nombre=Bebidas), unidad=null, categoria=Aguas), personalizado=false), productos(idProd=10, nombreProducto=Soda Ivess Sifón Azul 6 x 2000cc, precioActual=7900.00, tenantId=16, catalogo=ProductoCatalogo(id=8, nombre=Soda Ivess Sifón Azul 6 x 2000cc, rubro=Rubro(id=1, nombre=Bebidas), unidad=null, categoria=Aguas), personalizado=false), productos(idProd=11, nombreProducto=Sodita Ivess 12 x 500cc, precioActual=6200.00, tenantId=16, catalogo=ProductoCatalogo(id=9, nombre=Sodita Ivess 12 x 500cc, rubro=Rubro(id=1, nombre=Bebidas), unidad=null, categoria=Aguas), personalizado=false), productos(idProd=12, nombreProducto=Coca Cola Mini Lata 6 x 220cc, precioActual=26900.00, tenantId=16, catalogo=ProductoCatalogo(id=10, nombre=Coca Cola Mini Lata 6 x 220cc, rubro=Rubro(id=1, nombre=Bebidas), unidad=null, categoria=Gaseosas), personalizado=false), productos(idProd=13, nombreProducto=Coca Cola Lata 6 x 354cc, precioActual=26900.00, tenantId=16, catalogo=ProductoCatalogo(id=11, nombre=Coca Cola Lata 6 x 354cc, rubro=Rubro(id=1, nombre=Bebidas), unidad=null, categoria=Gaseosas), personalizado=false), productos(idProd=14, nombreProducto=Coca Cola Vidrio 12 x 237cc, precioActual=26900.00, tenantId=16, catalogo=ProductoCatalogo(id=12, nombre=Coca Cola Vidrio 12 x 237cc, rubro=Rubro(id=1, nombre=Bebidas), unidad=null, categoria=Gaseosas), personalizado=false), productos(idProd=15, nombreProducto=Coca Cola 12 x 500cc, precioActual=15000.00, tenantId=16, catalogo=ProductoCatalogo(id=13, nombre=Coca Cola 12 x 500cc, rubro=Rubro(id=1, nombre=Bebidas), unidad=null, categoria=Gaseosas), personalizado=false), productos(idProd=16, nombreProducto=Coca Cola 9 x 1L, precioActual=26900.00, tenantId=16, catalogo=ProductoCatalogo(id=14, nombre=Coca Cola 9 x 1L, rubro=Rubro(id=1, nombre=Bebidas), unidad=null, categoria=Gaseosas), personalizado=false), productos(idProd=17, nombreProducto=Coca Cola 6 x 1500cc, precioActual=26900.00, tenantId=16, catalogo=ProductoCatalogo(id=15, nombre=Coca Cola 6 x 1500cc, rubro=Rubro(id=1, nombre=Bebidas), unidad=null, categoria=Gaseosas), personalizado=false), productos(idProd=18, nombreProducto=Coca Cola 6 x 2250cc, precioActual=30000.00, tenantId=16, catalogo=ProductoCatalogo(id=16, nombre=Coca Cola 6 x 2250cc, rubro=Rubro(id=1, nombre=Bebidas), unidad=null, categoria=Gaseosas), personalizado=false), productos(idProd=19, nombreProducto=Coca Cola Cajón Vidrio 8 x 1250cc, precioActual=26900.00, tenantId=16, catalogo=ProductoCatalogo(id=17, nombre=Coca Cola Cajón Vidrio 8 x 1250cc, rubro=Rubro(id=1, nombre=Bebidas), unidad=null, categoria=Gaseosas Retornables), personalizado=false), productos(idProd=20, nombreProducto=Coca Cola Cajón Plástico 8 x 2L, precioActual=26900.00, tenantId=16, catalogo=ProductoCatalogo(id=18, nombre=Coca Cola Cajón Plástico 8 x 2L, rubro=Rubro(id=1, nombre=Bebidas), unidad=null, categoria=Gaseosas Retornables), personalizado=false), productos(idProd=21, nombreProducto=Coca Cola Cajón Plástico 8 x 2500cc, precioActual=26900.00, tenantId=16, catalogo=ProductoCatalogo(id=19, nombre=Coca Cola Cajón Plástico 8 x 2500cc, rubro=Rubro(id=1, nombre=Bebidas), unidad=null, categoria=Gaseosas Retornables), personalizado=false), productos(idProd=22, nombreProducto=Fanta 6 x 237cc, precioActual=26900.00, tenantId=16, catalogo=ProductoCatalogo(id=20, nombre=Fanta 6 x 237cc, rubro=Rubro(id=1, nombre=Bebidas), unidad=null, categoria=Gaseosas), personalizado=false), productos(idProd=23, nombreProducto=Fanta Lata 6 x 354cc, precioActual=26900.00, tenantId=16, catalogo=ProductoCatalogo(id=21, nombre=Fanta Lata 6 x 354cc, rubro=Rubro(id=1, nombre=Bebidas), unidad=null, categoria=Gaseosas), personalizado=false), productos(idProd=24, nombreProducto=Fanta 12 x 500cc, precioActual=15000.00, tenantId=16, catalogo=ProductoCatalogo(id=22, nombre=Fanta 12 x 500cc, rubro=Rubro(id=1, nombre=Bebidas), unidad=null, categoria=Gaseosas), personalizado=false), productos(idProd=25, nombreProducto=Fanta 9 x 1L, precioActual=26900.00, tenantId=16, catalogo=ProductoCatalogo(id=23, nombre=Fanta 9 x 1L, rubro=Rubro(id=1, nombre=Bebidas), unidad=null, categoria=Gaseosas), personalizado=false), productos(idProd=26, nombreProducto=Fanta 6 x 1500cc, precioActual=26900.00, tenantId=16, catalogo=ProductoCatalogo(id=24, nombre=Fanta 6 x 1500cc, rubro=Rubro(id=1, nombre=Bebidas), unidad=null, categoria=Gaseosas), personalizado=false), productos(idProd=27, nombreProducto=Fanta 6 x 2250cc, precioActual=30000.00, tenantId=16, catalogo=ProductoCatalogo(id=25, nombre=Fanta 6 x 2250cc, rubro=Rubro(id=1, nombre=Bebidas), unidad=null, categoria=Gaseosas), personalizado=false), productos(idProd=28, nombreProducto=Sprite 6 x 237cc, precioActual=26900.00, tenantId=16, catalogo=ProductoCatalogo(id=26, nombre=Sprite 6 x 237cc, rubro=Rubro(id=1, nombre=Bebidas), unidad=null, categoria=Gaseosas), personalizado=false), productos(idProd=29, nombreProducto=Sprite Lata 6 x 354cc, precioActual=26900.00, tenantId=16, catalogo=ProductoCatalogo(id=27, nombre=Sprite Lata 6 x 354cc, rubro=Rubro(id=1, nombre=Bebidas), unidad=null, categoria=Gaseosas), personalizado=false), productos(idProd=30, nombreProducto=Sprite 12 x 500cc, precioActual=15000.00, tenantId=16, catalogo=ProductoCatalogo(id=28, nombre=Sprite 12 x 500cc, rubro=Rubro(id=1, nombre=Bebidas), unidad=null, categoria=Gaseosas), personalizado=false), productos(idProd=31, nombreProducto=Sprite 9 x 1L, precioActual=26900.00, tenantId=16, catalogo=ProductoCatalogo(id=29, nombre=Sprite 9 x 1L, rubro=Rubro(id=1, nombre=Bebidas), unidad=null, categoria=Gaseosas), personalizado=false), productos(idProd=32, nombreProducto=Sprite 6 x 1500cc, precioActual=26900.00, tenantId=16, catalogo=ProductoCatalogo(id=30, nombre=Sprite 6 x 1500cc, rubro=Rubro(id=1, nombre=Bebidas), unidad=null, categoria=Gaseosas), personalizado=false), productos(idProd=33, nombreProducto=Sprite 6 x 2250cc, precioActual=30000.00, tenantId=16, catalogo=ProductoCatalogo(id=31, nombre=Sprite 6 x 2250cc, rubro=Rubro(id=1, nombre=Bebidas), unidad=null, categoria=Gaseosas), personalizado=false), productos(idProd=34, nombreProducto=Schweppes Lata 6 x 354cc, precioActual=26900.00, tenantId=16, catalogo=ProductoCatalogo(id=32, nombre=Schweppes Lata 6 x 354cc, rubro=Rubro(id=1, nombre=Bebidas), unidad=null, categoria=Gaseosas), personalizado=false), productos(idProd=35, nombreProducto=Schweppes 12 x 500cc, precioActual=15000.00, tenantId=16, catalogo=ProductoCatalogo(id=33, nombre=Schweppes 12 x 500cc, rubro=Rubro(id=1, nombre=Bebidas), unidad=null, categoria=Gaseosas), personalizado=false), productos(idProd=36, nombreProducto=Schweppes 6 x 1500cc, precioActual=26900.00, tenantId=16, catalogo=ProductoCatalogo(id=34, nombre=Schweppes 6 x 1500cc, rubro=Rubro(id=1, nombre=Bebidas), unidad=null, categoria=Gaseosas), personalizado=false), productos(idProd=37, nombreProducto=Cepita del Valle Tetra 6 x 200cc, precioActual=5000.00, tenantId=16, catalogo=ProductoCatalogo(id=35, nombre=Cepita del Valle Tetra 6 x 200cc, rubro=Rubro(id=1, nombre=Bebidas), unidad=null, categoria=Jugos), personalizado=false), productos(idProd=38, nombreProducto=Cepita del Valle Tetra 6 x 1000cc, precioActual=14000.00, tenantId=16, catalogo=ProductoCatalogo(id=36, nombre=Cepita del Valle Tetra 6 x 1000cc, rubro=Rubro(id=1, nombre=Bebidas), unidad=null, categoria=Jugos), personalizado=false), productos(idProd=39, nombreProducto=Cepita del Valle Botella 6 x 300cc, precioActual=6700.00, tenantId=16, catalogo=ProductoCatalogo(id=37, nombre=Cepita del Valle Botella 6 x 300cc, rubro=Rubro(id=1, nombre=Bebidas), unidad=null, categoria=Jugos), personalizado=false), productos(idProd=40, nombreProducto=Cepita del Valle Botella 6 x 1000cc, precioActual=12500.00, tenantId=16, catalogo=ProductoCatalogo(id=38, nombre=Cepita del Valle Botella 6 x 1000cc, rubro=Rubro(id=1, nombre=Bebidas), unidad=null, categoria=Jugos), personalizado=false), productos(idProd=41, nombreProducto=Cepita del Valle Botella 4 x 1500cc, precioActual=11300.00, tenantId=16, catalogo=ProductoCatalogo(id=39, nombre=Cepita del Valle Botella 4 x 1500cc, rubro=Rubro(id=1, nombre=Bebidas), unidad=null, categoria=Jugos), personalizado=false), productos(idProd=42, nombreProducto=Ades Tetra 6 x 200cc, precioActual=5000.00, tenantId=16, catalogo=ProductoCatalogo(id=40, nombre=Ades Tetra 6 x 200cc, rubro=Rubro(id=1, nombre=Bebidas), unidad=null, categoria=Jugos), personalizado=false), productos(idProd=43, nombreProducto=Ades Tetra 8 x 1000cc, precioActual=20600.00, tenantId=16, catalogo=ProductoCatalogo(id=41, nombre=Ades Tetra 8 x 1000cc, rubro=Rubro(id=1, nombre=Bebidas), unidad=null, categoria=Jugos), personalizado=false), productos(idProd=44, nombreProducto=Powerade 6 x 500cc, precioActual=10500.00, tenantId=16, catalogo=ProductoCatalogo(id=42, nombre=Powerade 6 x 500cc, rubro=Rubro(id=1, nombre=Bebidas), unidad=null, categoria=Energizantes), personalizado=false), productos(idProd=45, nombreProducto=Powerade 6 x 995cc, precioActual=16400.00, tenantId=16, catalogo=ProductoCatalogo(id=43, nombre=Powerade 6 x 995cc, rubro=Rubro(id=1, nombre=Bebidas), unidad=null, categoria=Energizantes), personalizado=false), productos(idProd=46, nombreProducto=Monster Energy 6 x 473cc, precioActual=14600.00, tenantId=16, catalogo=ProductoCatalogo(id=44, nombre=Monster Energy 6 x 473cc, rubro=Rubro(id=1, nombre=Bebidas), unidad=null, categoria=Energizantes), personalizado=false), productos(idProd=47, nombreProducto=Aquarius 6 x 500cc, precioActual=8400.00, tenantId=16, catalogo=ProductoCatalogo(id=45, nombre=Aquarius 6 x 500cc, rubro=Rubro(id=1, nombre=Bebidas), unidad=null, categoria=Aguas Saborizadas), personalizado=false), productos(idProd=48, nombreProducto=Aquarius 6 x 1500cc, precioActual=16500.00, tenantId=16, catalogo=ProductoCatalogo(id=46, nombre=Aquarius 6 x 1500cc, rubro=Rubro(id=1, nombre=Bebidas), unidad=null, categoria=Aguas Saborizadas), personalizado=false), productos(idProd=49, nombreProducto=Cynar 750cc, precioActual=null, tenantId=16, catalogo=ProductoCatalogo(id=47, nombre=Cynar 750cc, rubro=Rubro(id=1, nombre=Bebidas), unidad=null, categoria=Aperitivos), personalizado=false), productos(idProd=50, nombreProducto=Gancia 950cc, precioActual=null, tenantId=16, catalogo=ProductoCatalogo(id=48, nombre=Gancia 950cc, rubro=Rubro(id=1, nombre=Bebidas), unidad=null, categoria=Aperitivos), personalizado=false), productos(idProd=51, nombreProducto=Gancia 450cc, precioActual=null, tenantId=16, catalogo=ProductoCatalogo(id=49, nombre=Gancia 450cc, rubro=Rubro(id=1, nombre=Bebidas), unidad=null, categoria=Aperitivos), personalizado=false), productos(idProd=52, nombreProducto=Gancia Lata 6 x 473cc, precioActual=null, tenantId=16, catalogo=ProductoCatalogo(id=50, nombre=Gancia Lata 6 x 473cc, rubro=Rubro(id=1, nombre=Bebidas), unidad=null, categoria=Aperitivos), personalizado=false), productos(idProd=53, nombreProducto=Gancia Lata Sin Alcohol 6 x 473cc, precioActual=null, tenantId=16, catalogo=ProductoCatalogo(id=51, nombre=Gancia Lata Sin Alcohol 6 x 473cc, rubro=Rubro(id=1, nombre=Bebidas), unidad=null, categoria=Aperitivos), personalizado=false), productos(idProd=54, nombreProducto=Cinzano 950cc, precioActual=null, tenantId=16, catalogo=ProductoCatalogo(id=52, nombre=Cinzano 950cc, rubro=Rubro(id=1, nombre=Bebidas), unidad=null, categoria=Aperitivos), personalizado=false), productos(idProd=55, nombreProducto=Cinzano 450cc, precioActual=null, tenantId=16, catalogo=ProductoCatalogo(id=53, nombre=Cinzano 450cc, rubro=Rubro(id=1, nombre=Bebidas), unidad=null, categoria=Aperitivos), personalizado=false), productos(idProd=56, nombreProducto=Amargo Obrero 950cc, precioActual=null, tenantId=16, catalogo=ProductoCatalogo(id=54, nombre=Amargo Obrero 950cc, rubro=Rubro(id=1, nombre=Bebidas), unidad=null, categoria=Aperitivos), personalizado=false), productos(idProd=57, nombreProducto=Aperol 750cc, precioActual=null, tenantId=16, catalogo=ProductoCatalogo(id=55, nombre=Aperol 750cc, rubro=Rubro(id=1, nombre=Bebidas), unidad=null, categoria=Aperitivos), personalizado=false), productos(idProd=58, nombreProducto=Campari 750cc, precioActual=null, tenantId=16, catalogo=ProductoCatalogo(id=56, nombre=Campari 750cc, rubro=Rubro(id=1, nombre=Bebidas), unidad=null, categoria=Aperitivos), personalizado=false), productos(idProd=59, nombreProducto=Campari 450cc, precioActual=null, tenantId=16, catalogo=ProductoCatalogo(id=57, nombre=Campari 450cc, rubro=Rubro(id=1, nombre=Bebidas), unidad=null, categoria=Aperitivos), personalizado=false), productos(idProd=60, nombreProducto=Dr. Lemon Lata 6 x 473cc, precioActual=null, tenantId=16, catalogo=ProductoCatalogo(id=58, nombre=Dr. Lemon Lata 6 x 473cc, rubro=Rubro(id=1, nombre=Bebidas), unidad=null, categoria=Aperitivos), personalizado=false), productos(idProd=61, nombreProducto=Dr. Lemon 1L, precioActual=null, tenantId=16, catalogo=ProductoCatalogo(id=59, nombre=Dr. Lemon 1L, rubro=Rubro(id=1, nombre=Bebidas), unidad=null, categoria=Aperitivos), personalizado=false), productos(idProd=62, nombreProducto=Terma 1.35L, precioActual=null, tenantId=16, catalogo=ProductoCatalogo(id=60, nombre=Terma 1.35L, rubro=Rubro(id=1, nombre=Bebidas), unidad=null, categoria=Aperitivos), personalizado=false), productos(idProd=63, nombreProducto=Martini Rosso 950cc, precioActual=null, tenantId=16, catalogo=ProductoCatalogo(id=61, nombre=Martini Rosso 950cc, rubro=Rubro(id=1, nombre=Bebidas), unidad=null, categoria=Aperitivos), personalizado=false), productos(idProd=64, nombreProducto=Vodka Smirnoff 700cc, precioActual=null, tenantId=16, catalogo=ProductoCatalogo(id=62, nombre=Vodka Smirnoff 700cc, rubro=Rubro(id=1, nombre=Bebidas), unidad=null, categoria=Vodkas), personalizado=false), productos(idProd=65, nombreProducto=Vodka Smirnoff Saborizados 700cc, precioActual=null, tenantId=16, catalogo=ProductoCatalogo(id=63, nombre=Vodka Smirnoff Saborizados 700cc, rubro=Rubro(id=1, nombre=Bebidas), unidad=null, categoria=Vodkas), personalizado=false), productos(idProd=66, nombreProducto=Smirnoff Lata 6 x 473cc, precioActual=null, tenantId=16, catalogo=ProductoCatalogo(id=64, nombre=Smirnoff Lata 6 x 473cc, rubro=Rubro(id=1, nombre=Bebidas), unidad=null, categoria=Vodkas), personalizado=false), productos(idProd=67, nombreProducto=Vodka Skyy Saborizado 700cc, precioActual=null, tenantId=16, catalogo=ProductoCatalogo(id=65, nombre=Vodka Skyy Saborizado 700cc, rubro=Rubro(id=1, nombre=Bebidas), unidad=null, categoria=Vodkas), personalizado=false), productos(idProd=68, nombreProducto=Vodka Sernova 700cc, precioActual=null, tenantId=16, catalogo=ProductoCatalogo(id=66, nombre=Vodka Sernova 700cc, rubro=Rubro(id=1, nombre=Bebidas), unidad=null, categoria=Vodkas), personalizado=false), productos(idProd=69, nombreProducto=Vodka Sernova Chicle 700cc, precioActual=null, tenantId=16, catalogo=ProductoCatalogo(id=67, nombre=Vodka Sernova Chicle 700cc, rubro=Rubro(id=1, nombre=Bebidas), unidad=null, categoria=Vodkas), personalizado=false), productos(idProd=70, nombreProducto=Pronto Lata Shake/Beat 6 x 473cc, precioActual=null, tenantId=16, catalogo=ProductoCatalogo(id=68, nombre=Pronto Lata Shake/Beat 6 x 473cc, rubro=Rubro(id=1, nombre=Bebidas), unidad=null, categoria=Vodkas), personalizado=false), productos(idProd=71, nombreProducto=Granadina Dellepiane 700cc, precioActual=null, tenantId=16, catalogo=ProductoCatalogo(id=69, nombre=Granadina Dellepiane 700cc, rubro=Rubro(id=1, nombre=Bebidas), unidad=null, categoria=Varios), personalizado=false), productos(idProd=72, nombreProducto=Vino Frizze Azul, precioActual=null, tenantId=16, catalogo=ProductoCatalogo(id=70, nombre=Vino Frizze Azul, rubro=Rubro(id=1, nombre=Bebidas), unidad=null, categoria=Vinos), personalizado=false), productos(idProd=73, nombreProducto=Vino New Age, precioActual=null, tenantId=16, catalogo=ProductoCatalogo(id=71, nombre=Vino New Age, rubro=Rubro(id=1, nombre=Bebidas), unidad=null, categoria=Vinos), personalizado=false), productos(idProd=74, nombreProducto=Vino Santa Julia Chenin Blanco Dulce, precioActual=null, tenantId=16, catalogo=ProductoCatalogo(id=72, nombre=Vino Santa Julia Chenin Blanco Dulce, rubro=Rubro(id=1, nombre=Bebidas), unidad=null, categoria=Vinos), personalizado=false), productos(idProd=75, nombreProducto=Vino Toro Tinto Brick 12 x 1L, precioActual=null, tenantId=16, catalogo=ProductoCatalogo(id=73, nombre=Vino Toro Tinto Brick 12 x 1L, rubro=Rubro(id=1, nombre=Bebidas), unidad=null, categoria=Vinos), personalizado=false), productos(idProd=76, nombreProducto=Vino Toro Blanco Brick 12 x 1L, precioActual=null, tenantId=16, catalogo=ProductoCatalogo(id=74, nombre=Vino Toro Blanco Brick 12 x 1L, rubro=Rubro(id=1, nombre=Bebidas), unidad=null, categoria=Vinos), personalizado=false), productos(idProd=77, nombreProducto=Vino Nativo Tinto Brick 12 x 1L, precioActual=null, tenantId=16, catalogo=ProductoCatalogo(id=75, nombre=Vino Nativo Tinto Brick 12 x 1L, rubro=Rubro(id=1, nombre=Bebidas), unidad=null, categoria=Vinos), personalizado=false), productos(idProd=78, nombreProducto=Vino Nativo Blanco Brick 12 x 1L, precioActual=null, tenantId=16, catalogo=ProductoCatalogo(id=76, nombre=Vino Nativo Blanco Brick 12 x 1L, rubro=Rubro(id=1, nombre=Bebidas), unidad=null, categoria=Vinos), personalizado=false), productos(idProd=79, nombreProducto=Branca 450cc, precioActual=null, tenantId=16, catalogo=ProductoCatalogo(id=77, nombre=Branca 450cc, rubro=Rubro(id=1, nombre=Bebidas), unidad=null, categoria=Fernet), personalizado=false), productos(idProd=80, nombreProducto=Branca 750cc, precioActual=null, tenantId=16, catalogo=ProductoCatalogo(id=78, nombre=Branca 750cc, rubro=Rubro(id=1, nombre=Bebidas), unidad=null, categoria=Fernet), personalizado=false), productos(idProd=81, nombreProducto=Branca 1000cc, precioActual=null, tenantId=16, catalogo=ProductoCatalogo(id=79, nombre=Branca 1000cc, rubro=Rubro(id=1, nombre=Bebidas), unidad=null, categoria=Fernet), personalizado=false), productos(idProd=82, nombreProducto=Fernet Vittone 750cc, precioActual=null, tenantId=16, catalogo=ProductoCatalogo(id=80, nombre=Fernet Vittone 750cc, rubro=Rubro(id=1, nombre=Bebidas), unidad=null, categoria=Fernet), personalizado=false), productos(idProd=83, nombreProducto=Santa Fe Porrón, precioActual=null, tenantId=16, catalogo=ProductoCatalogo(id=81, nombre=Santa Fe Porrón, rubro=Rubro(id=1, nombre=Bebidas), unidad=null, categoria=Cervezas), personalizado=false), productos(idProd=84, nombreProducto=Santa Fe Lata 473cc, precioActual=null, tenantId=16, catalogo=ProductoCatalogo(id=82, nombre=Santa Fe Lata 473cc, rubro=Rubro(id=1, nombre=Bebidas), unidad=null, categoria=Cervezas), personalizado=false), productos(idProd=85, nombreProducto=Santa Fe Pilsen Lata, precioActual=null, tenantId=16, catalogo=ProductoCatalogo(id=83, nombre=Santa Fe Pilsen Lata, rubro=Rubro(id=1, nombre=Bebidas), unidad=null, categoria=Cervezas), personalizado=false), productos(idProd=86, nombreProducto=Santa Fe Pilsen Porrón, precioActual=null, tenantId=16, catalogo=ProductoCatalogo(id=84, nombre=Santa Fe Pilsen Porrón, rubro=Rubro(id=1, nombre=Bebidas), unidad=null, categoria=Cervezas), personalizado=false), productos(idProd=87, nombreProducto=Schneider Lata 473cc, precioActual=null, tenantId=16, catalogo=ProductoCatalogo(id=85, nombre=Schneider Lata 473cc, rubro=Rubro(id=1, nombre=Bebidas), unidad=null, categoria=Cervezas), personalizado=false), productos(idProd=88, nombreProducto=Schneider Lata 710cc, precioActual=null, tenantId=16, catalogo=ProductoCatalogo(id=86, nombre=Schneider Lata 710cc, rubro=Rubro(id=1, nombre=Bebidas), unidad=null, categoria=Cervezas), personalizado=false), productos(idProd=89, nombreProducto=Schneider Porrón, precioActual=null, tenantId=16, catalogo=ProductoCatalogo(id=87, nombre=Schneider Porrón, rubro=Rubro(id=1, nombre=Bebidas), unidad=null, categoria=Cervezas), personalizado=false), productos(idProd=90, nombreProducto=Heineken Lata 473cc, precioActual=null, tenantId=16, catalogo=ProductoCatalogo(id=88, nombre=Heineken Lata 473cc, rubro=Rubro(id=1, nombre=Bebidas), unidad=null, categoria=Cervezas), personalizado=false), productos(idProd=91, nombreProducto=Heineken Lata 710cc, precioActual=null, tenantId=16, catalogo=ProductoCatalogo(id=89, nombre=Heineken Lata 710cc, rubro=Rubro(id=1, nombre=Bebidas), unidad=null, categoria=Cervezas), personalizado=false), productos(idProd=92, nombreProducto=Heineken Porrón, precioActual=null, tenantId=16, catalogo=ProductoCatalogo(id=90, nombre=Heineken Porrón, rubro=Rubro(id=1, nombre=Bebidas), unidad=null, categoria=Cervezas), personalizado=false), productos(idProd=93, nombreProducto=Heineken Botella 6 x 330cc, precioActual=null, tenantId=16, catalogo=ProductoCatalogo(id=91, nombre=Heineken Botella 6 x 330cc, rubro=Rubro(id=1, nombre=Bebidas), unidad=null, categoria=Cervezas), personalizado=false), productos(idProd=94, nombreProducto=Heineken Sin Alcohol Lata 6 x 355cc, precioActual=null, tenantId=16, catalogo=ProductoCatalogo(id=92, nombre=Heineken Sin Alcohol Lata 6 x 355cc, rubro=Rubro(id=1, nombre=Bebidas), unidad=null, categoria=Cervezas Sin Alcohol), personalizado=false), productos(idProd=95, nombreProducto=Heineken Sin Alcohol Lata 6 x 473cc, precioActual=null, tenantId=16, catalogo=ProductoCatalogo(id=93, nombre=Heineken Sin Alcohol Lata 6 x 473cc, rubro=Rubro(id=1, nombre=Bebidas), unidad=null, categoria=Cervezas Sin Alcohol), personalizado=false), productos(idProd=96, nombreProducto=Miller Lata 473cc, precioActual=null, tenantId=16, catalogo=ProductoCatalogo(id=94, nombre=Miller Lata 473cc, rubro=Rubro(id=1, nombre=Bebidas), unidad=null, categoria=Cervezas), personalizado=false), productos(idProd=97, nombreProducto=Miller Lata 710cc, precioActual=null, tenantId=16, catalogo=ProductoCatalogo(id=95, nombre=Miller Lata 710cc, rubro=Rubro(id=1, nombre=Bebidas), unidad=null, categoria=Cervezas), personalizado=false), productos(idProd=98, nombreProducto=Miller Porrón, precioActual=null, tenantId=16, catalogo=ProductoCatalogo(id=96, nombre=Miller Porrón, rubro=Rubro(id=1, nombre=Bebidas), unidad=null, categoria=Cervezas), personalizado=false), productos(idProd=99, nombreProducto=Miller Descartable 12 x 600cc, precioActual=null, tenantId=16, catalogo=ProductoCatalogo(id=97, nombre=Miller Descartable 12 x 600cc, rubro=Rubro(id=1, nombre=Bebidas), unidad=null, categoria=Cervezas), personalizado=false), productos(idProd=100, nombreProducto=Miller Botella 6 x 330cc, precioActual=null, tenantId=16, catalogo=ProductoCatalogo(id=98, nombre=Miller Botella 6 x 330cc, rubro=Rubro(id=1, nombre=Bebidas), unidad=null, categoria=Cervezas), personalizado=false), productos(idProd=101, nombreProducto=Imperial Rubia Lata 6 x 473cc, precioActual=null, tenantId=16, catalogo=ProductoCatalogo(id=99, nombre=Imperial Rubia Lata 6 x 473cc, rubro=Rubro(id=1, nombre=Bebidas), unidad=null, categoria=Cervezas), personalizado=false), productos(idProd=102, nombreProducto=Imperial Negra Lata 6 x 473cc, precioActual=null, tenantId=16, catalogo=ProductoCatalogo(id=100, nombre=Imperial Negra Lata 6 x 473cc, rubro=Rubro(id=1, nombre=Bebidas), unidad=null, categoria=Cervezas), personalizado=false), productos(idProd=103, nombreProducto=Imperial Roja Lata 6 x 473cc, precioActual=null, tenantId=16, catalogo=ProductoCatalogo(id=101, nombre=Imperial Roja Lata 6 x 473cc, rubro=Rubro(id=1, nombre=Bebidas), unidad=null, categoria=Cervezas), personalizado=false), productos(idProd=104, nombreProducto=Imperial Golden Lata 473cc, precioActual=null, tenantId=16, catalogo=ProductoCatalogo(id=102, nombre=Imperial Golden Lata 473cc, rubro=Rubro(id=1, nombre=Bebidas), unidad=null, categoria=Cervezas), personalizado=false), productos(idProd=105, nombreProducto=Imperial Rubia Lata 6 x 710cc, precioActual=null, tenantId=16, catalogo=ProductoCatalogo(id=103, nombre=Imperial Rubia Lata 6 x 710cc, rubro=Rubro(id=1, nombre=Bebidas), unidad=null, categoria=Cervezas), personalizado=false), productos(idProd=106, nombreProducto=Imperial Golden Lata 710cc, precioActual=null, tenantId=16, catalogo=ProductoCatalogo(id=104, nombre=Imperial Golden Lata 710cc, rubro=Rubro(id=1, nombre=Bebidas), unidad=null, categoria=Cervezas), personalizado=false), productos(idProd=107, nombreProducto=Imperial Golden Botella 6 x 330cc, precioActual=null, tenantId=16, catalogo=ProductoCatalogo(id=105, nombre=Imperial Golden Botella 6 x 330cc, rubro=Rubro(id=1, nombre=Bebidas), unidad=null, categoria=Cervezas), personalizado=false), productos(idProd=108, nombreProducto=Imperial Golden Sin Alcohol Lata 6 x 354cc, precioActual=null, tenantId=16, catalogo=ProductoCatalogo(id=106, nombre=Imperial Golden Sin Alcohol Lata 6 x 354cc, rubro=Rubro(id=1, nombre=Bebidas), unidad=null, categoria=Cervezas Sin Alcohol), personalizado=false), productos(idProd=109, nombreProducto=Imperial Roja Sin Alcohol Lata 6 x 354cc, precioActual=null, tenantId=16, catalogo=ProductoCatalogo(id=107, nombre=Imperial Roja Sin Alcohol Lata 6 x 354cc, rubro=Rubro(id=1, nombre=Bebidas), unidad=null, categoria=Cervezas Sin Alcohol), personalizado=false), productos(idProd=110, nombreProducto=Amstel Lager Lata 473cc, precioActual=null, tenantId=16, catalogo=ProductoCatalogo(id=108, nombre=Amstel Lager Lata 473cc, rubro=Rubro(id=1, nombre=Bebidas), unidad=null, categoria=Cervezas), personalizado=false), productos(idProd=111, nombreProducto=Amstel Lager Lata 710cc, precioActual=null, tenantId=16, catalogo=ProductoCatalogo(id=109, nombre=Amstel Lager Lata 710cc, rubro=Rubro(id=1, nombre=Bebidas), unidad=null, categoria=Cervezas), personalizado=false), productos(idProd=112, nombreProducto=Amstel Lager Porrón, precioActual=null, tenantId=16, catalogo=ProductoCatalogo(id=110, nombre=Amstel Lager Porrón, rubro=Rubro(id=1, nombre=Bebidas), unidad=null, categoria=Cervezas), personalizado=false), productos(idProd=113, nombreProducto=Sol Azteca Lata 6 x 473cc, precioActual=null, tenantId=16, catalogo=ProductoCatalogo(id=111, nombre=Sol Azteca Lata 6 x 473cc, rubro=Rubro(id=1, nombre=Bebidas), unidad=null, categoria=Cervezas), personalizado=false), productos(idProd=114, nombreProducto=Sol Azteca Botella 6 x 330cc, precioActual=null, tenantId=16, catalogo=ProductoCatalogo(id=112, nombre=Sol Azteca Botella 6 x 330cc, rubro=Rubro(id=1, nombre=Bebidas), unidad=null, categoria=Cervezas), personalizado=false), productos(idProd=115, nombreProducto=Grolsch Lata 6 x 473cc, precioActual=null, tenantId=16, catalogo=ProductoCatalogo(id=113, nombre=Grolsch Lata 6 x 473cc, rubro=Rubro(id=1, nombre=Bebidas), unidad=null, categoria=Cervezas), personalizado=false), productos(idProd=116, nombreProducto=Grolsch IPA Lata 6 x 473cc, precioActual=null, tenantId=16, catalogo=ProductoCatalogo(id=114, nombre=Grolsch IPA Lata 6 x 473cc, rubro=Rubro(id=1, nombre=Bebidas), unidad=null, categoria=Cervezas), personalizado=false), productos(idProd=117, nombreProducto=Salta Rubia Lata 473cc, precioActual=null, tenantId=16, catalogo=ProductoCatalogo(id=115, nombre=Salta Rubia Lata 473cc, rubro=Rubro(id=1, nombre=Bebidas), unidad=null, categoria=Cervezas), personalizado=false), productos(idProd=118, nombreProducto=Warsteiner Lata 473cc, precioActual=null, tenantId=16, catalogo=ProductoCatalogo(id=116, nombre=Warsteiner Lata 473cc, rubro=Rubro(id=1, nombre=Bebidas), unidad=null, categoria=Cervezas), personalizado=false), productos(idProd=119, nombreProducto=Blue Moon Botella 6 x 330cc, precioActual=null, tenantId=16, catalogo=ProductoCatalogo(id=117, nombre=Blue Moon Botella 6 x 330cc, rubro=Rubro(id=1, nombre=Bebidas), unidad=null, categoria=Cervezas), personalizado=false), productos(idProd=120, nombreProducto=Barril Santa Fe 30L, precioActual=null, tenantId=16, catalogo=ProductoCatalogo(id=118, nombre=Barril Santa Fe 30L, rubro=Rubro(id=1, nombre=Bebidas), unidad=null, categoria=Barriles), personalizado=false), productos(idProd=121, nombreProducto=Barril Santa Fe 50L, precioActual=null, tenantId=16, catalogo=ProductoCatalogo(id=119, nombre=Barril Santa Fe 50L, rubro=Rubro(id=1, nombre=Bebidas), unidad=null, categoria=Barriles), personalizado=false), productos(idProd=122, nombreProducto=Barril Imperial Rubia 30L, precioActual=null, tenantId=16, catalogo=ProductoCatalogo(id=120, nombre=Barril Imperial Rubia 30L, rubro=Rubro(id=1, nombre=Bebidas), unidad=null, categoria=Barriles), personalizado=false), productos(idProd=123, nombreProducto=Barril Miller 30L, precioActual=null, tenantId=16, catalogo=ProductoCatalogo(id=121, nombre=Barril Miller 30L, rubro=Rubro(id=1, nombre=Bebidas), unidad=null, categoria=Barriles), personalizado=false), productos(idProd=124, nombreProducto=Barril Grolsch 30L, precioActual=null, tenantId=16, catalogo=ProductoCatalogo(id=122, nombre=Barril Grolsch 30L, rubro=Rubro(id=1, nombre=Bebidas), unidad=null, categoria=Barriles), personalizado=false), productos(idProd=125, nombreProducto=Barril Heineken 30L, precioActual=null, tenantId=16, catalogo=ProductoCatalogo(id=123, nombre=Barril Heineken 30L, rubro=Rubro(id=1, nombre=Bebidas), unidad=null, categoria=Barriles), personalizado=false)]]
2026-04-28T16:25:57.820-03:00 DEBUG 11568 --- [BackendCelarisDis] [http-nio-8080-exec-2] o.s.web.servlet.DispatcherServlet        : Completed 200 OK
2026-04-28T16:26:11.156-03:00 DEBUG 11568 --- [BackendCelarisDis] [http-nio-8080-exec-3] o.s.security.web.FilterChainProxy        : Securing GET /control/ventas
2026-04-28T16:26:11.156-03:00 DEBUG 11568 --- [BackendCelarisDis] [http-nio-8080-exec-1] o.s.security.web.FilterChainProxy        : Securing GET /control/ventas/reservadas
2026-04-28T16:26:11.159-03:00 DEBUG 11568 --- [BackendCelarisDis] [http-nio-8080-exec-4] o.s.security.web.FilterChainProxy        : Securing GET /control/ventas/top-productos
2026-04-28T16:26:11.162-03:00 DEBUG 11568 --- [BackendCelarisDis] [http-nio-8080-exec-3] o.s.security.web.FilterChainProxy        : Secured GET /control/ventas
2026-04-28T16:26:11.163-03:00 DEBUG 11568 --- [BackendCelarisDis] [http-nio-8080-exec-3] o.s.web.servlet.DispatcherServlet        : GET "/Api-Backend/control/ventas", parameters={}
2026-04-28T16:26:11.163-03:00 TRACE 11568 --- [BackendCelarisDis] [http-nio-8080-exec-3] s.w.s.m.m.a.RequestMappingHandlerMapping : Mapped to com.api.controlador.conVentas#getAll(HttpServletRequest)
2026-04-28T16:26:11.165-03:00 DEBUG 11568 --- [BackendCelarisDis] [http-nio-8080-exec-1] o.s.security.web.FilterChainProxy        : Secured GET /control/ventas/reservadas
2026-04-28T16:26:11.165-03:00 DEBUG 11568 --- [BackendCelarisDis] [http-nio-8080-exec-1] o.s.web.servlet.DispatcherServlet        : GET "/Api-Backend/control/ventas/reservadas", parameters={}
2026-04-28T16:26:11.165-03:00 TRACE 11568 --- [BackendCelarisDis] [http-nio-8080-exec-1] s.w.s.m.m.a.RequestMappingHandlerMapping : Mapped to com.api.controlador.conVentas#getReservadas(HttpServletRequest)
2026-04-28T16:26:11.166-03:00 DEBUG 11568 --- [BackendCelarisDis] [http-nio-8080-exec-4] o.s.security.web.FilterChainProxy        : Secured GET /control/ventas/top-productos
2026-04-28T16:26:11.167-03:00 DEBUG 11568 --- [BackendCelarisDis] [http-nio-8080-exec-4] o.s.web.servlet.DispatcherServlet        : GET "/Api-Backend/control/ventas/top-productos", parameters={}
2026-04-28T16:26:11.168-03:00 TRACE 11568 --- [BackendCelarisDis] [http-nio-8080-exec-4] s.w.s.m.m.a.RequestMappingHandlerMapping : Mapped to com.api.controlador.conVentas#getTop(HttpServletRequest)
2026-04-28T16:26:11.171-03:00 DEBUG 11568 --- [BackendCelarisDis] [http-nio-8080-exec-3] o.s.w.s.m.m.a.HttpEntityMethodProcessor  : Using 'application/json', given [*/*] and supported [application/json, application/*+json]
2026-04-28T16:26:11.171-03:00 TRACE 11568 --- [BackendCelarisDis] [http-nio-8080-exec-3] o.s.w.s.m.m.a.HttpEntityMethodProcessor  : Writing [[]]
2026-04-28T16:26:11.172-03:00 DEBUG 11568 --- [BackendCelarisDis] [http-nio-8080-exec-3] o.s.web.servlet.DispatcherServlet        : Completed 200 OK
2026-04-28T16:26:11.174-03:00 DEBUG 11568 --- [BackendCelarisDis] [http-nio-8080-exec-1] o.s.w.s.m.m.a.HttpEntityMethodProcessor  : Using 'application/json', given [*/*] and supported [application/json, application/*+json]
2026-04-28T16:26:11.174-03:00 TRACE 11568 --- [BackendCelarisDis] [http-nio-8080-exec-1] o.s.w.s.m.m.a.HttpEntityMethodProcessor  : Writing [[]]
2026-04-28T16:26:11.175-03:00 DEBUG 11568 --- [BackendCelarisDis] [http-nio-8080-exec-4] o.s.w.s.m.m.a.HttpEntityMethodProcessor  : Using 'application/json', given [*/*] and supported [application/json, application/*+json]
2026-04-28T16:26:11.175-03:00 TRACE 11568 --- [BackendCelarisDis] [http-nio-8080-exec-4] o.s.w.s.m.m.a.HttpEntityMethodProcessor  : Writing [[]]
2026-04-28T16:26:11.176-03:00 DEBUG 11568 --- [BackendCelarisDis] [http-nio-8080-exec-1] o.s.web.servlet.DispatcherServlet        : Completed 200 OK
2026-04-28T16:26:11.176-03:00 DEBUG 11568 --- [BackendCelarisDis] [http-nio-8080-exec-4] o.s.web.servlet.DispatcherServlet        : Completed 200 OK
2026-04-28T16:26:12.946-03:00 DEBUG 11568 --- [BackendCelarisDis] [http-nio-8080-exec-5] o.s.security.web.FilterChainProxy        : Securing GET /auth/productos-sin-precio
2026-04-28T16:26:12.951-03:00 DEBUG 11568 --- [BackendCelarisDis] [http-nio-8080-exec-5] o.s.security.web.FilterChainProxy        : Secured GET /auth/productos-sin-precio
2026-04-28T16:26:12.951-03:00 DEBUG 11568 --- [BackendCelarisDis] [http-nio-8080-exec-5] o.s.web.servlet.DispatcherServlet        : GET "/Api-Backend/auth/productos-sin-precio", parameters={}
2026-04-28T16:26:12.951-03:00 TRACE 11568 --- [BackendCelarisDis] [http-nio-8080-exec-5] s.w.s.m.m.a.RequestMappingHandlerMapping : Mapped to com.api.auth.AuthController#tieneProductosSinPrecio(HttpServletRequest)
2026-04-28T16:26:12.987-03:00 DEBUG 11568 --- [BackendCelarisDis] [http-nio-8080-exec-5] o.s.w.s.m.m.a.HttpEntityMethodProcessor  : Using 'application/json', given [*/*] and supported [application/json, application/*+json]
2026-04-28T16:26:12.987-03:00 TRACE 11568 --- [BackendCelarisDis] [http-nio-8080-exec-5] o.s.w.s.m.m.a.HttpEntityMethodProcessor  : Writing [true]
2026-04-28T16:26:12.988-03:00 DEBUG 11568 --- [BackendCelarisDis] [http-nio-8080-exec-5] o.s.web.servlet.DispatcherServlet        : Completed 200 OK
2026-04-28T16:26:17.174-03:00 DEBUG 11568 --- [BackendCelarisDis] [http-nio-8080-exec-6] o.s.security.web.FilterChainProxy        : Securing GET /control/ventas/reservadas
2026-04-28T16:26:17.180-03:00 DEBUG 11568 --- [BackendCelarisDis] [http-nio-8080-exec-6] o.s.security.web.FilterChainProxy        : Secured GET /control/ventas/reservadas
2026-04-28T16:26:17.180-03:00 DEBUG 11568 --- [BackendCelarisDis] [http-nio-8080-exec-6] o.s.web.servlet.DispatcherServlet        : GET "/Api-Backend/control/ventas/reservadas", parameters={}
2026-04-28T16:26:17.180-03:00 TRACE 11568 --- [BackendCelarisDis] [http-nio-8080-exec-6] s.w.s.m.m.a.RequestMappingHandlerMapping : Mapped to com.api.controlador.conVentas#getReservadas(HttpServletRequest)
2026-04-28T16:26:17.186-03:00 DEBUG 11568 --- [BackendCelarisDis] [http-nio-8080-exec-6] o.s.w.s.m.m.a.HttpEntityMethodProcessor  : Using 'application/json', given [*/*] and supported [application/json, application/*+json]
2026-04-28T16:26:17.186-03:00 TRACE 11568 --- [BackendCelarisDis] [http-nio-8080-exec-6] o.s.w.s.m.m.a.HttpEntityMethodProcessor  : Writing [[]]
2026-04-28T16:26:17.187-03:00 DEBUG 11568 --- [BackendCelarisDis] [http-nio-8080-exec-6] o.s.web.servlet.DispatcherServlet        : Completed 200 OK
2026-04-28T16:26:17.202-03:00 DEBUG 11568 --- [BackendCelarisDis] [http-nio-8080-exec-7] o.s.security.web.FilterChainProxy        : Securing GET /control/ventas
2026-04-28T16:26:17.206-03:00 DEBUG 11568 --- [BackendCelarisDis] [http-nio-8080-exec-8] o.s.security.web.FilterChainProxy        : Securing GET /control/ventas/top-productos
2026-04-28T16:26:17.209-03:00 DEBUG 11568 --- [BackendCelarisDis] [http-nio-8080-exec-7] o.s.security.web.FilterChainProxy        : Secured GET /control/ventas
2026-04-28T16:26:17.209-03:00 DEBUG 11568 --- [BackendCelarisDis] [http-nio-8080-exec-7] o.s.web.servlet.DispatcherServlet        : GET "/Api-Backend/control/ventas", parameters={}
2026-04-28T16:26:17.209-03:00 TRACE 11568 --- [BackendCelarisDis] [http-nio-8080-exec-7] s.w.s.m.m.a.RequestMappingHandlerMapping : Mapped to com.api.controlador.conVentas#getAll(HttpServletRequest)
2026-04-28T16:26:17.212-03:00 DEBUG 11568 --- [BackendCelarisDis] [http-nio-8080-exec-8] o.s.security.web.FilterChainProxy        : Secured GET /control/ventas/top-productos
2026-04-28T16:26:17.213-03:00 DEBUG 11568 --- [BackendCelarisDis] [http-nio-8080-exec-8] o.s.web.servlet.DispatcherServlet        : GET "/Api-Backend/control/ventas/top-productos", parameters={}
2026-04-28T16:26:17.213-03:00 TRACE 11568 --- [BackendCelarisDis] [http-nio-8080-exec-8] s.w.s.m.m.a.RequestMappingHandlerMapping : Mapped to com.api.controlador.conVentas#getTop(HttpServletRequest)
2026-04-28T16:26:17.216-03:00 DEBUG 11568 --- [BackendCelarisDis] [http-nio-8080-exec-7] o.s.w.s.m.m.a.HttpEntityMethodProcessor  : Using 'application/json', given [*/*] and supported [application/json, application/*+json]
2026-04-28T16:26:17.216-03:00 TRACE 11568 --- [BackendCelarisDis] [http-nio-8080-exec-7] o.s.w.s.m.m.a.HttpEntityMethodProcessor  : Writing [[]]
2026-04-28T16:26:17.217-03:00 DEBUG 11568 --- [BackendCelarisDis] [http-nio-8080-exec-7] o.s.web.servlet.DispatcherServlet        : Completed 200 OK
2026-04-28T16:26:17.220-03:00 DEBUG 11568 --- [BackendCelarisDis] [http-nio-8080-exec-8] o.s.w.s.m.m.a.HttpEntityMethodProcessor  : Using 'application/json', given [*/*] and supported [application/json, application/*+json]
2026-04-28T16:26:17.221-03:00 TRACE 11568 --- [BackendCelarisDis] [http-nio-8080-exec-8] o.s.w.s.m.m.a.HttpEntityMethodProcessor  : Writing [[]]
2026-04-28T16:26:17.222-03:00 DEBUG 11568 --- [BackendCelarisDis] [http-nio-8080-exec-8] o.s.web.servlet.DispatcherServlet        : Completed 200 OK
2026-04-28T16:26:20.397-03:00 DEBUG 11568 --- [BackendCelarisDis] [http-nio-8080-exec-9] o.s.security.web.FilterChainProxy        : Securing GET /control/productos
2026-04-28T16:26:20.401-03:00 DEBUG 11568 --- [BackendCelarisDis] [http-nio-8080-exec-10] o.s.security.web.FilterChainProxy        : Securing GET /planes/mi-plan
2026-04-28T16:26:20.403-03:00 DEBUG 11568 --- [BackendCelarisDis] [http-nio-8080-exec-9] o.s.security.web.FilterChainProxy        : Secured GET /control/productos
2026-04-28T16:26:20.403-03:00 DEBUG 11568 --- [BackendCelarisDis] [http-nio-8080-exec-9] o.s.web.servlet.DispatcherServlet        : GET "/Api-Backend/control/productos", parameters={}
2026-04-28T16:26:20.404-03:00 TRACE 11568 --- [BackendCelarisDis] [http-nio-8080-exec-9] s.w.s.m.m.a.RequestMappingHandlerMapping : Mapped to com.api.controlador.conProductos#getAll(HttpServletRequest)
2026-04-28T16:26:20.407-03:00 DEBUG 11568 --- [BackendCelarisDis] [http-nio-8080-exec-10] o.s.security.web.FilterChainProxy        : Secured GET /planes/mi-plan
2026-04-28T16:26:20.408-03:00 DEBUG 11568 --- [BackendCelarisDis] [http-nio-8080-exec-10] o.s.web.servlet.DispatcherServlet        : GET "/Api-Backend/planes/mi-plan", parameters={}
2026-04-28T16:26:20.408-03:00 TRACE 11568 --- [BackendCelarisDis] [http-nio-8080-exec-10] s.w.s.m.m.a.RequestMappingHandlerMapping : Mapped to com.api.auth.PlanController#getMiPlan(HttpServletRequest)
2026-04-28T16:26:20.415-03:00 DEBUG 11568 --- [BackendCelarisDis] [http-nio-8080-exec-10] o.s.w.s.m.m.a.HttpEntityMethodProcessor  : Using 'application/json', given [*/*] and supported [application/json, application/*+json]
2026-04-28T16:26:20.415-03:00 TRACE 11568 --- [BackendCelarisDis] [http-nio-8080-exec-10] o.s.w.s.m.m.a.HttpEntityMethodProcessor  : Writing [Plan(id=2, nombre=PREMIUM_MENSUAL, precio=30000.00, maxProductos=null, whatsapp=true, contabilidad=true, notificaciones=true, soporte=WHATSAPP)]
2026-04-28T16:26:20.416-03:00 DEBUG 11568 --- [BackendCelarisDis] [http-nio-8080-exec-10] o.s.web.servlet.DispatcherServlet        : Completed 200 OK
2026-04-28T16:26:20.499-03:00 DEBUG 11568 --- [BackendCelarisDis] [http-nio-8080-exec-9] o.s.w.s.m.m.a.HttpEntityMethodProcessor  : Using 'application/json', given [*/*] and supported [application/json, application/*+json]
2026-04-28T16:26:20.500-03:00 TRACE 11568 --- [BackendCelarisDis] [http-nio-8080-exec-9] o.s.w.s.m.m.a.HttpEntityMethodProcessor  : Writing [[productos(idProd=3, nombreProducto=Soda Estambul 9 x 500cc, precioActual=4500.00, tenantId=16, catalogo=ProductoCatalogo(id=1, nombre=Soda Estambul 9 x 500cc, rubro=Rubro(id=1, nombre=Bebidas), unidad=null, categoria=Sodas), personalizado=false), productos(idProd=4, nombreProducto=Soda Estambul 6 x 1500cc, precioActual=4500.00, tenantId=16, catalogo=ProductoCatalogo(id=2, nombre=Soda Estambul 6 x 1500cc, rubro=Rubro(id=1, nombre=Bebidas), unidad=null, categoria=Sodas), personalizado=false), productos(idProd=5, nombreProducto=Soda Estambul Sifón 6 x 1750cc, precioActual=6600.00, tenantId=16, catalogo=ProductoCatalogo(id=3, nombre=Soda Estambul Sifón 6 x 1750cc, rubro=Rubro(id=1, nombre=Bebidas), unidad=null, categoria=Sodas), personalizado=false), productos(idProd=6, nombreProducto=Agua Ivess 12 x 500cc, precioActual=6000.00, tenantId=16, catalogo=ProductoCatalogo(id=4, nombre=Agua Ivess 12 x 500cc, rubro=Rubro(id=1, nombre=Bebidas), unidad=null, categoria=Aguas), personalizado=false), productos(idProd=7, nombreProducto=Agua Ivess 6 x 1500cc, precioActual=5200.00, tenantId=16, catalogo=ProductoCatalogo(id=5, nombre=Agua Ivess 6 x 1500cc, rubro=Rubro(id=1, nombre=Bebidas), unidad=null, categoria=Aguas), personalizado=false), productos(idProd=8, nombreProducto=Agua Ivess Bidón 6.5L, precioActual=2300.00, tenantId=16, catalogo=ProductoCatalogo(id=6, nombre=Agua Ivess Bidón 6.5L, rubro=Rubro(id=1, nombre=Bebidas), unidad=null, categoria=Aguas), personalizado=false), productos(idProd=9, nombreProducto=Soda Ivess Sifón Verde 6 x 1750cc, precioActual=7400.00, tenantId=16, catalogo=ProductoCatalogo(id=7, nombre=Soda Ivess Sifón Verde 6 x 1750cc, rubro=Rubro(id=1, nombre=Bebidas), unidad=null, categoria=Aguas), personalizado=false), productos(idProd=10, nombreProducto=Soda Ivess Sifón Azul 6 x 2000cc, precioActual=7900.00, tenantId=16, catalogo=ProductoCatalogo(id=8, nombre=Soda Ivess Sifón Azul 6 x 2000cc, rubro=Rubro(id=1, nombre=Bebidas), unidad=null, categoria=Aguas), personalizado=false), productos(idProd=11, nombreProducto=Sodita Ivess 12 x 500cc, precioActual=6200.00, tenantId=16, catalogo=ProductoCatalogo(id=9, nombre=Sodita Ivess 12 x 500cc, rubro=Rubro(id=1, nombre=Bebidas), unidad=null, categoria=Aguas), personalizado=false), productos(idProd=12, nombreProducto=Coca Cola Mini Lata 6 x 220cc, precioActual=26900.00, tenantId=16, catalogo=ProductoCatalogo(id=10, nombre=Coca Cola Mini Lata 6 x 220cc, rubro=Rubro(id=1, nombre=Bebidas), unidad=null, categoria=Gaseosas), personalizado=false), productos(idProd=13, nombreProducto=Coca Cola Lata 6 x 354cc, precioActual=26900.00, tenantId=16, catalogo=ProductoCatalogo(id=11, nombre=Coca Cola Lata 6 x 354cc, rubro=Rubro(id=1, nombre=Bebidas), unidad=null, categoria=Gaseosas), personalizado=false), productos(idProd=14, nombreProducto=Coca Cola Vidrio 12 x 237cc, precioActual=26900.00, tenantId=16, catalogo=ProductoCatalogo(id=12, nombre=Coca Cola Vidrio 12 x 237cc, rubro=Rubro(id=1, nombre=Bebidas), unidad=null, categoria=Gaseosas), personalizado=false), productos(idProd=15, nombreProducto=Coca Cola 12 x 500cc, precioActual=15000.00, tenantId=16, catalogo=ProductoCatalogo(id=13, nombre=Coca Cola 12 x 500cc, rubro=Rubro(id=1, nombre=Bebidas), unidad=null, categoria=Gaseosas), personalizado=false), productos(idProd=16, nombreProducto=Coca Cola 9 x 1L, precioActual=26900.00, tenantId=16, catalogo=ProductoCatalogo(id=14, nombre=Coca Cola 9 x 1L, rubro=Rubro(id=1, nombre=Bebidas), unidad=null, categoria=Gaseosas), personalizado=false), productos(idProd=17, nombreProducto=Coca Cola 6 x 1500cc, precioActual=26900.00, tenantId=16, catalogo=ProductoCatalogo(id=15, nombre=Coca Cola 6 x 1500cc, rubro=Rubro(id=1, nombre=Bebidas), unidad=null, categoria=Gaseosas), personalizado=false), productos(idProd=18, nombreProducto=Coca Cola 6 x 2250cc, precioActual=30000.00, tenantId=16, catalogo=ProductoCatalogo(id=16, nombre=Coca Cola 6 x 2250cc, rubro=Rubro(id=1, nombre=Bebidas), unidad=null, categoria=Gaseosas), personalizado=false), productos(idProd=19, nombreProducto=Coca Cola Cajón Vidrio 8 x 1250cc, precioActual=26900.00, tenantId=16, catalogo=ProductoCatalogo(id=17, nombre=Coca Cola Cajón Vidrio 8 x 1250cc, rubro=Rubro(id=1, nombre=Bebidas), unidad=null, categoria=Gaseosas Retornables), personalizado=false), productos(idProd=20, nombreProducto=Coca Cola Cajón Plástico 8 x 2L, precioActual=26900.00, tenantId=16, catalogo=ProductoCatalogo(id=18, nombre=Coca Cola Cajón Plástico 8 x 2L, rubro=Rubro(id=1, nombre=Bebidas), unidad=null, categoria=Gaseosas Retornables), personalizado=false), productos(idProd=21, nombreProducto=Coca Cola Cajón Plástico 8 x 2500cc, precioActual=26900.00, tenantId=16, catalogo=ProductoCatalogo(id=19, nombre=Coca Cola Cajón Plástico 8 x 2500cc, rubro=Rubro(id=1, nombre=Bebidas), unidad=null, categoria=Gaseosas Retornables), personalizado=false), productos(idProd=22, nombreProducto=Fanta 6 x 237cc, precioActual=26900.00, tenantId=16, catalogo=ProductoCatalogo(id=20, nombre=Fanta 6 x 237cc, rubro=Rubro(id=1, nombre=Bebidas), unidad=null, categoria=Gaseosas), personalizado=false), productos(idProd=23, nombreProducto=Fanta Lata 6 x 354cc, precioActual=26900.00, tenantId=16, catalogo=ProductoCatalogo(id=21, nombre=Fanta Lata 6 x 354cc, rubro=Rubro(id=1, nombre=Bebidas), unidad=null, categoria=Gaseosas), personalizado=false), productos(idProd=24, nombreProducto=Fanta 12 x 500cc, precioActual=15000.00, tenantId=16, catalogo=ProductoCatalogo(id=22, nombre=Fanta 12 x 500cc, rubro=Rubro(id=1, nombre=Bebidas), unidad=null, categoria=Gaseosas), personalizado=false), productos(idProd=25, nombreProducto=Fanta 9 x 1L, precioActual=26900.00, tenantId=16, catalogo=ProductoCatalogo(id=23, nombre=Fanta 9 x 1L, rubro=Rubro(id=1, nombre=Bebidas), unidad=null, categoria=Gaseosas), personalizado=false), productos(idProd=26, nombreProducto=Fanta 6 x 1500cc, precioActual=26900.00, tenantId=16, catalogo=ProductoCatalogo(id=24, nombre=Fanta 6 x 1500cc, rubro=Rubro(id=1, nombre=Bebidas), unidad=null, categoria=Gaseosas), personalizado=false), productos(idProd=27, nombreProducto=Fanta 6 x 2250cc, precioActual=30000.00, tenantId=16, catalogo=ProductoCatalogo(id=25, nombre=Fanta 6 x 2250cc, rubro=Rubro(id=1, nombre=Bebidas), unidad=null, categoria=Gaseosas), personalizado=false), productos(idProd=28, nombreProducto=Sprite 6 x 237cc, precioActual=26900.00, tenantId=16, catalogo=ProductoCatalogo(id=26, nombre=Sprite 6 x 237cc, rubro=Rubro(id=1, nombre=Bebidas), unidad=null, categoria=Gaseosas), personalizado=false), productos(idProd=29, nombreProducto=Sprite Lata 6 x 354cc, precioActual=26900.00, tenantId=16, catalogo=ProductoCatalogo(id=27, nombre=Sprite Lata 6 x 354cc, rubro=Rubro(id=1, nombre=Bebidas), unidad=null, categoria=Gaseosas), personalizado=false), productos(idProd=30, nombreProducto=Sprite 12 x 500cc, precioActual=15000.00, tenantId=16, catalogo=ProductoCatalogo(id=28, nombre=Sprite 12 x 500cc, rubro=Rubro(id=1, nombre=Bebidas), unidad=null, categoria=Gaseosas), personalizado=false), productos(idProd=31, nombreProducto=Sprite 9 x 1L, precioActual=26900.00, tenantId=16, catalogo=ProductoCatalogo(id=29, nombre=Sprite 9 x 1L, rubro=Rubro(id=1, nombre=Bebidas), unidad=null, categoria=Gaseosas), personalizado=false), productos(idProd=32, nombreProducto=Sprite 6 x 1500cc, precioActual=26900.00, tenantId=16, catalogo=ProductoCatalogo(id=30, nombre=Sprite 6 x 1500cc, rubro=Rubro(id=1, nombre=Bebidas), unidad=null, categoria=Gaseosas), personalizado=false), productos(idProd=33, nombreProducto=Sprite 6 x 2250cc, precioActual=30000.00, tenantId=16, catalogo=ProductoCatalogo(id=31, nombre=Sprite 6 x 2250cc, rubro=Rubro(id=1, nombre=Bebidas), unidad=null, categoria=Gaseosas), personalizado=false), productos(idProd=34, nombreProducto=Schweppes Lata 6 x 354cc, precioActual=26900.00, tenantId=16, catalogo=ProductoCatalogo(id=32, nombre=Schweppes Lata 6 x 354cc, rubro=Rubro(id=1, nombre=Bebidas), unidad=null, categoria=Gaseosas), personalizado=false), productos(idProd=35, nombreProducto=Schweppes 12 x 500cc, precioActual=15000.00, tenantId=16, catalogo=ProductoCatalogo(id=33, nombre=Schweppes 12 x 500cc, rubro=Rubro(id=1, nombre=Bebidas), unidad=null, categoria=Gaseosas), personalizado=false), productos(idProd=36, nombreProducto=Schweppes 6 x 1500cc, precioActual=26900.00, tenantId=16, catalogo=ProductoCatalogo(id=34, nombre=Schweppes 6 x 1500cc, rubro=Rubro(id=1, nombre=Bebidas), unidad=null, categoria=Gaseosas), personalizado=false), productos(idProd=37, nombreProducto=Cepita del Valle Tetra 6 x 200cc, precioActual=5000.00, tenantId=16, catalogo=ProductoCatalogo(id=35, nombre=Cepita del Valle Tetra 6 x 200cc, rubro=Rubro(id=1, nombre=Bebidas), unidad=null, categoria=Jugos), personalizado=false), productos(idProd=38, nombreProducto=Cepita del Valle Tetra 6 x 1000cc, precioActual=14000.00, tenantId=16, catalogo=ProductoCatalogo(id=36, nombre=Cepita del Valle Tetra 6 x 1000cc, rubro=Rubro(id=1, nombre=Bebidas), unidad=null, categoria=Jugos), personalizado=false), productos(idProd=39, nombreProducto=Cepita del Valle Botella 6 x 300cc, precioActual=6700.00, tenantId=16, catalogo=ProductoCatalogo(id=37, nombre=Cepita del Valle Botella 6 x 300cc, rubro=Rubro(id=1, nombre=Bebidas), unidad=null, categoria=Jugos), personalizado=false), productos(idProd=40, nombreProducto=Cepita del Valle Botella 6 x 1000cc, precioActual=12500.00, tenantId=16, catalogo=ProductoCatalogo(id=38, nombre=Cepita del Valle Botella 6 x 1000cc, rubro=Rubro(id=1, nombre=Bebidas), unidad=null, categoria=Jugos), personalizado=false), productos(idProd=41, nombreProducto=Cepita del Valle Botella 4 x 1500cc, precioActual=11300.00, tenantId=16, catalogo=ProductoCatalogo(id=39, nombre=Cepita del Valle Botella 4 x 1500cc, rubro=Rubro(id=1, nombre=Bebidas), unidad=null, categoria=Jugos), personalizado=false), productos(idProd=42, nombreProducto=Ades Tetra 6 x 200cc, precioActual=5000.00, tenantId=16, catalogo=ProductoCatalogo(id=40, nombre=Ades Tetra 6 x 200cc, rubro=Rubro(id=1, nombre=Bebidas), unidad=null, categoria=Jugos), personalizado=false), productos(idProd=43, nombreProducto=Ades Tetra 8 x 1000cc, precioActual=20600.00, tenantId=16, catalogo=ProductoCatalogo(id=41, nombre=Ades Tetra 8 x 1000cc, rubro=Rubro(id=1, nombre=Bebidas), unidad=null, categoria=Jugos), personalizado=false), productos(idProd=44, nombreProducto=Powerade 6 x 500cc, precioActual=10500.00, tenantId=16, catalogo=ProductoCatalogo(id=42, nombre=Powerade 6 x 500cc, rubro=Rubro(id=1, nombre=Bebidas), unidad=null, categoria=Energizantes), personalizado=false), productos(idProd=45, nombreProducto=Powerade 6 x 995cc, precioActual=16400.00, tenantId=16, catalogo=ProductoCatalogo(id=43, nombre=Powerade 6 x 995cc, rubro=Rubro(id=1, nombre=Bebidas), unidad=null, categoria=Energizantes), personalizado=false), productos(idProd=46, nombreProducto=Monster Energy 6 x 473cc, precioActual=14600.00, tenantId=16, catalogo=ProductoCatalogo(id=44, nombre=Monster Energy 6 x 473cc, rubro=Rubro(id=1, nombre=Bebidas), unidad=null, categoria=Energizantes), personalizado=false), productos(idProd=47, nombreProducto=Aquarius 6 x 500cc, precioActual=8400.00, tenantId=16, catalogo=ProductoCatalogo(id=45, nombre=Aquarius 6 x 500cc, rubro=Rubro(id=1, nombre=Bebidas), unidad=null, categoria=Aguas Saborizadas), personalizado=false), productos(idProd=48, nombreProducto=Aquarius 6 x 1500cc, precioActual=16500.00, tenantId=16, catalogo=ProductoCatalogo(id=46, nombre=Aquarius 6 x 1500cc, rubro=Rubro(id=1, nombre=Bebidas), unidad=null, categoria=Aguas Saborizadas), personalizado=false), productos(idProd=49, nombreProducto=Cynar 750cc, precioActual=null, tenantId=16, catalogo=ProductoCatalogo(id=47, nombre=Cynar 750cc, rubro=Rubro(id=1, nombre=Bebidas), unidad=null, categoria=Aperitivos), personalizado=false), productos(idProd=50, nombreProducto=Gancia 950cc, precioActual=null, tenantId=16, catalogo=ProductoCatalogo(id=48, nombre=Gancia 950cc, rubro=Rubro(id=1, nombre=Bebidas), unidad=null, categoria=Aperitivos), personalizado=false), productos(idProd=51, nombreProducto=Gancia 450cc, precioActual=null, tenantId=16, catalogo=ProductoCatalogo(id=49, nombre=Gancia 450cc, rubro=Rubro(id=1, nombre=Bebidas), unidad=null, categoria=Aperitivos), personalizado=false), productos(idProd=52, nombreProducto=Gancia Lata 6 x 473cc, precioActual=null, tenantId=16, catalogo=ProductoCatalogo(id=50, nombre=Gancia Lata 6 x 473cc, rubro=Rubro(id=1, nombre=Bebidas), unidad=null, categoria=Aperitivos), personalizado=false), productos(idProd=53, nombreProducto=Gancia Lata Sin Alcohol 6 x 473cc, precioActual=null, tenantId=16, catalogo=ProductoCatalogo(id=51, nombre=Gancia Lata Sin Alcohol 6 x 473cc, rubro=Rubro(id=1, nombre=Bebidas), unidad=null, categoria=Aperitivos), personalizado=false), productos(idProd=54, nombreProducto=Cinzano 950cc, precioActual=null, tenantId=16, catalogo=ProductoCatalogo(id=52, nombre=Cinzano 950cc, rubro=Rubro(id=1, nombre=Bebidas), unidad=null, categoria=Aperitivos), personalizado=false), productos(idProd=55, nombreProducto=Cinzano 450cc, precioActual=null, tenantId=16, catalogo=ProductoCatalogo(id=53, nombre=Cinzano 450cc, rubro=Rubro(id=1, nombre=Bebidas), unidad=null, categoria=Aperitivos), personalizado=false), productos(idProd=56, nombreProducto=Amargo Obrero 950cc, precioActual=null, tenantId=16, catalogo=ProductoCatalogo(id=54, nombre=Amargo Obrero 950cc, rubro=Rubro(id=1, nombre=Bebidas), unidad=null, categoria=Aperitivos), personalizado=false), productos(idProd=57, nombreProducto=Aperol 750cc, precioActual=null, tenantId=16, catalogo=ProductoCatalogo(id=55, nombre=Aperol 750cc, rubro=Rubro(id=1, nombre=Bebidas), unidad=null, categoria=Aperitivos), personalizado=false), productos(idProd=58, nombreProducto=Campari 750cc, precioActual=null, tenantId=16, catalogo=ProductoCatalogo(id=56, nombre=Campari 750cc, rubro=Rubro(id=1, nombre=Bebidas), unidad=null, categoria=Aperitivos), personalizado=false), productos(idProd=59, nombreProducto=Campari 450cc, precioActual=null, tenantId=16, catalogo=ProductoCatalogo(id=57, nombre=Campari 450cc, rubro=Rubro(id=1, nombre=Bebidas), unidad=null, categoria=Aperitivos), personalizado=false), productos(idProd=60, nombreProducto=Dr. Lemon Lata 6 x 473cc, precioActual=null, tenantId=16, catalogo=ProductoCatalogo(id=58, nombre=Dr. Lemon Lata 6 x 473cc, rubro=Rubro(id=1, nombre=Bebidas), unidad=null, categoria=Aperitivos), personalizado=false), productos(idProd=61, nombreProducto=Dr. Lemon 1L, precioActual=null, tenantId=16, catalogo=ProductoCatalogo(id=59, nombre=Dr. Lemon 1L, rubro=Rubro(id=1, nombre=Bebidas), unidad=null, categoria=Aperitivos), personalizado=false), productos(idProd=62, nombreProducto=Terma 1.35L, precioActual=null, tenantId=16, catalogo=ProductoCatalogo(id=60, nombre=Terma 1.35L, rubro=Rubro(id=1, nombre=Bebidas), unidad=null, categoria=Aperitivos), personalizado=false), productos(idProd=63, nombreProducto=Martini Rosso 950cc, precioActual=null, tenantId=16, catalogo=ProductoCatalogo(id=61, nombre=Martini Rosso 950cc, rubro=Rubro(id=1, nombre=Bebidas), unidad=null, categoria=Aperitivos), personalizado=false), productos(idProd=64, nombreProducto=Vodka Smirnoff 700cc, precioActual=null, tenantId=16, catalogo=ProductoCatalogo(id=62, nombre=Vodka Smirnoff 700cc, rubro=Rubro(id=1, nombre=Bebidas), unidad=null, categoria=Vodkas), personalizado=false), productos(idProd=65, nombreProducto=Vodka Smirnoff Saborizados 700cc, precioActual=null, tenantId=16, catalogo=ProductoCatalogo(id=63, nombre=Vodka Smirnoff Saborizados 700cc, rubro=Rubro(id=1, nombre=Bebidas), unidad=null, categoria=Vodkas), personalizado=false), productos(idProd=66, nombreProducto=Smirnoff Lata 6 x 473cc, precioActual=null, tenantId=16, catalogo=ProductoCatalogo(id=64, nombre=Smirnoff Lata 6 x 473cc, rubro=Rubro(id=1, nombre=Bebidas), unidad=null, categoria=Vodkas), personalizado=false), productos(idProd=67, nombreProducto=Vodka Skyy Saborizado 700cc, precioActual=null, tenantId=16, catalogo=ProductoCatalogo(id=65, nombre=Vodka Skyy Saborizado 700cc, rubro=Rubro(id=1, nombre=Bebidas), unidad=null, categoria=Vodkas), personalizado=false), productos(idProd=68, nombreProducto=Vodka Sernova 700cc, precioActual=null, tenantId=16, catalogo=ProductoCatalogo(id=66, nombre=Vodka Sernova 700cc, rubro=Rubro(id=1, nombre=Bebidas), unidad=null, categoria=Vodkas), personalizado=false), productos(idProd=69, nombreProducto=Vodka Sernova Chicle 700cc, precioActual=null, tenantId=16, catalogo=ProductoCatalogo(id=67, nombre=Vodka Sernova Chicle 700cc, rubro=Rubro(id=1, nombre=Bebidas), unidad=null, categoria=Vodkas), personalizado=false), productos(idProd=70, nombreProducto=Pronto Lata Shake/Beat 6 x 473cc, precioActual=null, tenantId=16, catalogo=ProductoCatalogo(id=68, nombre=Pronto Lata Shake/Beat 6 x 473cc, rubro=Rubro(id=1, nombre=Bebidas), unidad=null, categoria=Vodkas), personalizado=false), productos(idProd=71, nombreProducto=Granadina Dellepiane 700cc, precioActual=null, tenantId=16, catalogo=ProductoCatalogo(id=69, nombre=Granadina Dellepiane 700cc, rubro=Rubro(id=1, nombre=Bebidas), unidad=null, categoria=Varios), personalizado=false), productos(idProd=72, nombreProducto=Vino Frizze Azul, precioActual=null, tenantId=16, catalogo=ProductoCatalogo(id=70, nombre=Vino Frizze Azul, rubro=Rubro(id=1, nombre=Bebidas), unidad=null, categoria=Vinos), personalizado=false), productos(idProd=73, nombreProducto=Vino New Age, precioActual=null, tenantId=16, catalogo=ProductoCatalogo(id=71, nombre=Vino New Age, rubro=Rubro(id=1, nombre=Bebidas), unidad=null, categoria=Vinos), personalizado=false), productos(idProd=74, nombreProducto=Vino Santa Julia Chenin Blanco Dulce, precioActual=null, tenantId=16, catalogo=ProductoCatalogo(id=72, nombre=Vino Santa Julia Chenin Blanco Dulce, rubro=Rubro(id=1, nombre=Bebidas), unidad=null, categoria=Vinos), personalizado=false), productos(idProd=75, nombreProducto=Vino Toro Tinto Brick 12 x 1L, precioActual=null, tenantId=16, catalogo=ProductoCatalogo(id=73, nombre=Vino Toro Tinto Brick 12 x 1L, rubro=Rubro(id=1, nombre=Bebidas), unidad=null, categoria=Vinos), personalizado=false), productos(idProd=76, nombreProducto=Vino Toro Blanco Brick 12 x 1L, precioActual=null, tenantId=16, catalogo=ProductoCatalogo(id=74, nombre=Vino Toro Blanco Brick 12 x 1L, rubro=Rubro(id=1, nombre=Bebidas), unidad=null, categoria=Vinos), personalizado=false), productos(idProd=77, nombreProducto=Vino Nativo Tinto Brick 12 x 1L, precioActual=null, tenantId=16, catalogo=ProductoCatalogo(id=75, nombre=Vino Nativo Tinto Brick 12 x 1L, rubro=Rubro(id=1, nombre=Bebidas), unidad=null, categoria=Vinos), personalizado=false), productos(idProd=78, nombreProducto=Vino Nativo Blanco Brick 12 x 1L, precioActual=null, tenantId=16, catalogo=ProductoCatalogo(id=76, nombre=Vino Nativo Blanco Brick 12 x 1L, rubro=Rubro(id=1, nombre=Bebidas), unidad=null, categoria=Vinos), personalizado=false), productos(idProd=79, nombreProducto=Branca 450cc, precioActual=null, tenantId=16, catalogo=ProductoCatalogo(id=77, nombre=Branca 450cc, rubro=Rubro(id=1, nombre=Bebidas), unidad=null, categoria=Fernet), personalizado=false), productos(idProd=80, nombreProducto=Branca 750cc, precioActual=null, tenantId=16, catalogo=ProductoCatalogo(id=78, nombre=Branca 750cc, rubro=Rubro(id=1, nombre=Bebidas), unidad=null, categoria=Fernet), personalizado=false), productos(idProd=81, nombreProducto=Branca 1000cc, precioActual=null, tenantId=16, catalogo=ProductoCatalogo(id=79, nombre=Branca 1000cc, rubro=Rubro(id=1, nombre=Bebidas), unidad=null, categoria=Fernet), personalizado=false), productos(idProd=82, nombreProducto=Fernet Vittone 750cc, precioActual=null, tenantId=16, catalogo=ProductoCatalogo(id=80, nombre=Fernet Vittone 750cc, rubro=Rubro(id=1, nombre=Bebidas), unidad=null, categoria=Fernet), personalizado=false), productos(idProd=83, nombreProducto=Santa Fe Porrón, precioActual=null, tenantId=16, catalogo=ProductoCatalogo(id=81, nombre=Santa Fe Porrón, rubro=Rubro(id=1, nombre=Bebidas), unidad=null, categoria=Cervezas), personalizado=false), productos(idProd=84, nombreProducto=Santa Fe Lata 473cc, precioActual=null, tenantId=16, catalogo=ProductoCatalogo(id=82, nombre=Santa Fe Lata 473cc, rubro=Rubro(id=1, nombre=Bebidas), unidad=null, categoria=Cervezas), personalizado=false), productos(idProd=85, nombreProducto=Santa Fe Pilsen Lata, precioActual=null, tenantId=16, catalogo=ProductoCatalogo(id=83, nombre=Santa Fe Pilsen Lata, rubro=Rubro(id=1, nombre=Bebidas), unidad=null, categoria=Cervezas), personalizado=false), productos(idProd=86, nombreProducto=Santa Fe Pilsen Porrón, precioActual=null, tenantId=16, catalogo=ProductoCatalogo(id=84, nombre=Santa Fe Pilsen Porrón, rubro=Rubro(id=1, nombre=Bebidas), unidad=null, categoria=Cervezas), personalizado=false), productos(idProd=87, nombreProducto=Schneider Lata 473cc, precioActual=null, tenantId=16, catalogo=ProductoCatalogo(id=85, nombre=Schneider Lata 473cc, rubro=Rubro(id=1, nombre=Bebidas), unidad=null, categoria=Cervezas), personalizado=false), productos(idProd=88, nombreProducto=Schneider Lata 710cc, precioActual=null, tenantId=16, catalogo=ProductoCatalogo(id=86, nombre=Schneider Lata 710cc, rubro=Rubro(id=1, nombre=Bebidas), unidad=null, categoria=Cervezas), personalizado=false), productos(idProd=89, nombreProducto=Schneider Porrón, precioActual=null, tenantId=16, catalogo=ProductoCatalogo(id=87, nombre=Schneider Porrón, rubro=Rubro(id=1, nombre=Bebidas), unidad=null, categoria=Cervezas), personalizado=false), productos(idProd=90, nombreProducto=Heineken Lata 473cc, precioActual=null, tenantId=16, catalogo=ProductoCatalogo(id=88, nombre=Heineken Lata 473cc, rubro=Rubro(id=1, nombre=Bebidas), unidad=null, categoria=Cervezas), personalizado=false), productos(idProd=91, nombreProducto=Heineken Lata 710cc, precioActual=null, tenantId=16, catalogo=ProductoCatalogo(id=89, nombre=Heineken Lata 710cc, rubro=Rubro(id=1, nombre=Bebidas), unidad=null, categoria=Cervezas), personalizado=false), productos(idProd=92, nombreProducto=Heineken Porrón, precioActual=null, tenantId=16, catalogo=ProductoCatalogo(id=90, nombre=Heineken Porrón, rubro=Rubro(id=1, nombre=Bebidas), unidad=null, categoria=Cervezas), personalizado=false), productos(idProd=93, nombreProducto=Heineken Botella 6 x 330cc, precioActual=null, tenantId=16, catalogo=ProductoCatalogo(id=91, nombre=Heineken Botella 6 x 330cc, rubro=Rubro(id=1, nombre=Bebidas), unidad=null, categoria=Cervezas), personalizado=false), productos(idProd=94, nombreProducto=Heineken Sin Alcohol Lata 6 x 355cc, precioActual=null, tenantId=16, catalogo=ProductoCatalogo(id=92, nombre=Heineken Sin Alcohol Lata 6 x 355cc, rubro=Rubro(id=1, nombre=Bebidas), unidad=null, categoria=Cervezas Sin Alcohol), personalizado=false), productos(idProd=95, nombreProducto=Heineken Sin Alcohol Lata 6 x 473cc, precioActual=null, tenantId=16, catalogo=ProductoCatalogo(id=93, nombre=Heineken Sin Alcohol Lata 6 x 473cc, rubro=Rubro(id=1, nombre=Bebidas), unidad=null, categoria=Cervezas Sin Alcohol), personalizado=false), productos(idProd=96, nombreProducto=Miller Lata 473cc, precioActual=null, tenantId=16, catalogo=ProductoCatalogo(id=94, nombre=Miller Lata 473cc, rubro=Rubro(id=1, nombre=Bebidas), unidad=null, categoria=Cervezas), personalizado=false), productos(idProd=97, nombreProducto=Miller Lata 710cc, precioActual=null, tenantId=16, catalogo=ProductoCatalogo(id=95, nombre=Miller Lata 710cc, rubro=Rubro(id=1, nombre=Bebidas), unidad=null, categoria=Cervezas), personalizado=false), productos(idProd=98, nombreProducto=Miller Porrón, precioActual=null, tenantId=16, catalogo=ProductoCatalogo(id=96, nombre=Miller Porrón, rubro=Rubro(id=1, nombre=Bebidas), unidad=null, categoria=Cervezas), personalizado=false), productos(idProd=99, nombreProducto=Miller Descartable 12 x 600cc, precioActual=null, tenantId=16, catalogo=ProductoCatalogo(id=97, nombre=Miller Descartable 12 x 600cc, rubro=Rubro(id=1, nombre=Bebidas), unidad=null, categoria=Cervezas), personalizado=false), productos(idProd=100, nombreProducto=Miller Botella 6 x 330cc, precioActual=null, tenantId=16, catalogo=ProductoCatalogo(id=98, nombre=Miller Botella 6 x 330cc, rubro=Rubro(id=1, nombre=Bebidas), unidad=null, categoria=Cervezas), personalizado=false), productos(idProd=101, nombreProducto=Imperial Rubia Lata 6 x 473cc, precioActual=null, tenantId=16, catalogo=ProductoCatalogo(id=99, nombre=Imperial Rubia Lata 6 x 473cc, rubro=Rubro(id=1, nombre=Bebidas), unidad=null, categoria=Cervezas), personalizado=false), productos(idProd=102, nombreProducto=Imperial Negra Lata 6 x 473cc, precioActual=null, tenantId=16, catalogo=ProductoCatalogo(id=100, nombre=Imperial Negra Lata 6 x 473cc, rubro=Rubro(id=1, nombre=Bebidas), unidad=null, categoria=Cervezas), personalizado=false), productos(idProd=103, nombreProducto=Imperial Roja Lata 6 x 473cc, precioActual=null, tenantId=16, catalogo=ProductoCatalogo(id=101, nombre=Imperial Roja Lata 6 x 473cc, rubro=Rubro(id=1, nombre=Bebidas), unidad=null, categoria=Cervezas), personalizado=false), productos(idProd=104, nombreProducto=Imperial Golden Lata 473cc, precioActual=null, tenantId=16, catalogo=ProductoCatalogo(id=102, nombre=Imperial Golden Lata 473cc, rubro=Rubro(id=1, nombre=Bebidas), unidad=null, categoria=Cervezas), personalizado=false), productos(idProd=105, nombreProducto=Imperial Rubia Lata 6 x 710cc, precioActual=null, tenantId=16, catalogo=ProductoCatalogo(id=103, nombre=Imperial Rubia Lata 6 x 710cc, rubro=Rubro(id=1, nombre=Bebidas), unidad=null, categoria=Cervezas), personalizado=false), productos(idProd=106, nombreProducto=Imperial Golden Lata 710cc, precioActual=null, tenantId=16, catalogo=ProductoCatalogo(id=104, nombre=Imperial Golden Lata 710cc, rubro=Rubro(id=1, nombre=Bebidas), unidad=null, categoria=Cervezas), personalizado=false), productos(idProd=107, nombreProducto=Imperial Golden Botella 6 x 330cc, precioActual=null, tenantId=16, catalogo=ProductoCatalogo(id=105, nombre=Imperial Golden Botella 6 x 330cc, rubro=Rubro(id=1, nombre=Bebidas), unidad=null, categoria=Cervezas), personalizado=false), productos(idProd=108, nombreProducto=Imperial Golden Sin Alcohol Lata 6 x 354cc, precioActual=null, tenantId=16, catalogo=ProductoCatalogo(id=106, nombre=Imperial Golden Sin Alcohol Lata 6 x 354cc, rubro=Rubro(id=1, nombre=Bebidas), unidad=null, categoria=Cervezas Sin Alcohol), personalizado=false), productos(idProd=109, nombreProducto=Imperial Roja Sin Alcohol Lata 6 x 354cc, precioActual=null, tenantId=16, catalogo=ProductoCatalogo(id=107, nombre=Imperial Roja Sin Alcohol Lata 6 x 354cc, rubro=Rubro(id=1, nombre=Bebidas), unidad=null, categoria=Cervezas Sin Alcohol), personalizado=false), productos(idProd=110, nombreProducto=Amstel Lager Lata 473cc, precioActual=null, tenantId=16, catalogo=ProductoCatalogo(id=108, nombre=Amstel Lager Lata 473cc, rubro=Rubro(id=1, nombre=Bebidas), unidad=null, categoria=Cervezas), personalizado=false), productos(idProd=111, nombreProducto=Amstel Lager Lata 710cc, precioActual=null, tenantId=16, catalogo=ProductoCatalogo(id=109, nombre=Amstel Lager Lata 710cc, rubro=Rubro(id=1, nombre=Bebidas), unidad=null, categoria=Cervezas), personalizado=false), productos(idProd=112, nombreProducto=Amstel Lager Porrón, precioActual=null, tenantId=16, catalogo=ProductoCatalogo(id=110, nombre=Amstel Lager Porrón, rubro=Rubro(id=1, nombre=Bebidas), unidad=null, categoria=Cervezas), personalizado=false), productos(idProd=113, nombreProducto=Sol Azteca Lata 6 x 473cc, precioActual=null, tenantId=16, catalogo=ProductoCatalogo(id=111, nombre=Sol Azteca Lata 6 x 473cc, rubro=Rubro(id=1, nombre=Bebidas), unidad=null, categoria=Cervezas), personalizado=false), productos(idProd=114, nombreProducto=Sol Azteca Botella 6 x 330cc, precioActual=null, tenantId=16, catalogo=ProductoCatalogo(id=112, nombre=Sol Azteca Botella 6 x 330cc, rubro=Rubro(id=1, nombre=Bebidas), unidad=null, categoria=Cervezas), personalizado=false), productos(idProd=115, nombreProducto=Grolsch Lata 6 x 473cc, precioActual=null, tenantId=16, catalogo=ProductoCatalogo(id=113, nombre=Grolsch Lata 6 x 473cc, rubro=Rubro(id=1, nombre=Bebidas), unidad=null, categoria=Cervezas), personalizado=false), productos(idProd=116, nombreProducto=Grolsch IPA Lata 6 x 473cc, precioActual=null, tenantId=16, catalogo=ProductoCatalogo(id=114, nombre=Grolsch IPA Lata 6 x 473cc, rubro=Rubro(id=1, nombre=Bebidas), unidad=null, categoria=Cervezas), personalizado=false), productos(idProd=117, nombreProducto=Salta Rubia Lata 473cc, precioActual=null, tenantId=16, catalogo=ProductoCatalogo(id=115, nombre=Salta Rubia Lata 473cc, rubro=Rubro(id=1, nombre=Bebidas), unidad=null, categoria=Cervezas), personalizado=false), productos(idProd=118, nombreProducto=Warsteiner Lata 473cc, precioActual=null, tenantId=16, catalogo=ProductoCatalogo(id=116, nombre=Warsteiner Lata 473cc, rubro=Rubro(id=1, nombre=Bebidas), unidad=null, categoria=Cervezas), personalizado=false), productos(idProd=119, nombreProducto=Blue Moon Botella 6 x 330cc, precioActual=null, tenantId=16, catalogo=ProductoCatalogo(id=117, nombre=Blue Moon Botella 6 x 330cc, rubro=Rubro(id=1, nombre=Bebidas), unidad=null, categoria=Cervezas), personalizado=false), productos(idProd=120, nombreProducto=Barril Santa Fe 30L, precioActual=null, tenantId=16, catalogo=ProductoCatalogo(id=118, nombre=Barril Santa Fe 30L, rubro=Rubro(id=1, nombre=Bebidas), unidad=null, categoria=Barriles), personalizado=false), productos(idProd=121, nombreProducto=Barril Santa Fe 50L, precioActual=null, tenantId=16, catalogo=ProductoCatalogo(id=119, nombre=Barril Santa Fe 50L, rubro=Rubro(id=1, nombre=Bebidas), unidad=null, categoria=Barriles), personalizado=false), productos(idProd=122, nombreProducto=Barril Imperial Rubia 30L, precioActual=null, tenantId=16, catalogo=ProductoCatalogo(id=120, nombre=Barril Imperial Rubia 30L, rubro=Rubro(id=1, nombre=Bebidas), unidad=null, categoria=Barriles), personalizado=false), productos(idProd=123, nombreProducto=Barril Miller 30L, precioActual=null, tenantId=16, catalogo=ProductoCatalogo(id=121, nombre=Barril Miller 30L, rubro=Rubro(id=1, nombre=Bebidas), unidad=null, categoria=Barriles), personalizado=false), productos(idProd=124, nombreProducto=Barril Grolsch 30L, precioActual=null, tenantId=16, catalogo=ProductoCatalogo(id=122, nombre=Barril Grolsch 30L, rubro=Rubro(id=1, nombre=Bebidas), unidad=null, categoria=Barriles), personalizado=false), productos(idProd=125, nombreProducto=Barril Heineken 30L, precioActual=null, tenantId=16, catalogo=ProductoCatalogo(id=123, nombre=Barril Heineken 30L, rubro=Rubro(id=1, nombre=Bebidas), unidad=null, categoria=Barriles), personalizado=false)]]
2026-04-28T16:26:20.508-03:00 DEBUG 11568 --- [BackendCelarisDis] [http-nio-8080-exec-9] o.s.web.servlet.DispatcherServlet        : Completed 200 OK
2026-04-28T16:26:21.815-03:00 DEBUG 11568 --- [BackendCelarisDis] [http-nio-8080-exec-2] o.s.security.web.FilterChainProxy        : Securing GET /control/ventas/reservadas
2026-04-28T16:26:21.815-03:00 DEBUG 11568 --- [BackendCelarisDis] [http-nio-8080-exec-1] o.s.security.web.FilterChainProxy        : Securing GET /control/ventas/top-productos
2026-04-28T16:26:21.815-03:00 DEBUG 11568 --- [BackendCelarisDis] [http-nio-8080-exec-3] o.s.security.web.FilterChainProxy        : Securing GET /control/ventas
2026-04-28T16:26:21.820-03:00 DEBUG 11568 --- [BackendCelarisDis] [http-nio-8080-exec-2] o.s.security.web.FilterChainProxy        : Secured GET /control/ventas/reservadas
2026-04-28T16:26:21.820-03:00 DEBUG 11568 --- [BackendCelarisDis] [http-nio-8080-exec-1] o.s.security.web.FilterChainProxy        : Secured GET /control/ventas/top-productos
2026-04-28T16:26:21.822-03:00 DEBUG 11568 --- [BackendCelarisDis] [http-nio-8080-exec-2] o.s.web.servlet.DispatcherServlet        : GET "/Api-Backend/control/ventas/reservadas", parameters={}
2026-04-28T16:26:21.822-03:00 DEBUG 11568 --- [BackendCelarisDis] [http-nio-8080-exec-1] o.s.web.servlet.DispatcherServlet        : GET "/Api-Backend/control/ventas/top-productos", parameters={}
2026-04-28T16:26:21.822-03:00 TRACE 11568 --- [BackendCelarisDis] [http-nio-8080-exec-2] s.w.s.m.m.a.RequestMappingHandlerMapping : Mapped to com.api.controlador.conVentas#getReservadas(HttpServletRequest)
2026-04-28T16:26:21.822-03:00 TRACE 11568 --- [BackendCelarisDis] [http-nio-8080-exec-1] s.w.s.m.m.a.RequestMappingHandlerMapping : Mapped to com.api.controlador.conVentas#getTop(HttpServletRequest)
2026-04-28T16:26:21.823-03:00 DEBUG 11568 --- [BackendCelarisDis] [http-nio-8080-exec-3] o.s.security.web.FilterChainProxy        : Secured GET /control/ventas
2026-04-28T16:26:21.823-03:00 DEBUG 11568 --- [BackendCelarisDis] [http-nio-8080-exec-3] o.s.web.servlet.DispatcherServlet        : GET "/Api-Backend/control/ventas", parameters={}
2026-04-28T16:26:21.824-03:00 TRACE 11568 --- [BackendCelarisDis] [http-nio-8080-exec-3] s.w.s.m.m.a.RequestMappingHandlerMapping : Mapped to com.api.controlador.conVentas#getAll(HttpServletRequest)
2026-04-28T16:26:21.828-03:00 DEBUG 11568 --- [BackendCelarisDis] [http-nio-8080-exec-2] o.s.w.s.m.m.a.HttpEntityMethodProcessor  : Using 'application/json', given [*/*] and supported [application/json, application/*+json]
2026-04-28T16:26:21.828-03:00 TRACE 11568 --- [BackendCelarisDis] [http-nio-8080-exec-2] o.s.w.s.m.m.a.HttpEntityMethodProcessor  : Writing [[]]
2026-04-28T16:26:21.830-03:00 DEBUG 11568 --- [BackendCelarisDis] [http-nio-8080-exec-1] o.s.w.s.m.m.a.HttpEntityMethodProcessor  : Using 'application/json', given [*/*] and supported [application/json, application/*+json]
2026-04-28T16:26:21.830-03:00 TRACE 11568 --- [BackendCelarisDis] [http-nio-8080-exec-1] o.s.w.s.m.m.a.HttpEntityMethodProcessor  : Writing [[]]
2026-04-28T16:26:21.830-03:00 DEBUG 11568 --- [BackendCelarisDis] [http-nio-8080-exec-2] o.s.web.servlet.DispatcherServlet        : Completed 200 OK
2026-04-28T16:26:21.830-03:00 DEBUG 11568 --- [BackendCelarisDis] [http-nio-8080-exec-3] o.s.w.s.m.m.a.HttpEntityMethodProcessor  : Using 'application/json', given [*/*] and supported [application/json, application/*+json]
2026-04-28T16:26:21.831-03:00 TRACE 11568 --- [BackendCelarisDis] [http-nio-8080-exec-3] o.s.w.s.m.m.a.HttpEntityMethodProcessor  : Writing [[]]
2026-04-28T16:26:21.831-03:00 DEBUG 11568 --- [BackendCelarisDis] [http-nio-8080-exec-1] o.s.web.servlet.DispatcherServlet        : Completed 200 OK
2026-04-28T16:26:21.832-03:00 DEBUG 11568 --- [BackendCelarisDis] [http-nio-8080-exec-3] o.s.web.servlet.DispatcherServlet        : Completed 200 OK
2026-04-28T16:26:35.375-03:00  INFO 11568 --- [BackendCelarisDis] [RMI TCP Connection(44)-127.0.0.1] inMXBeanRegistrar$SpringApplicationAdmin : Application shutdown requested.
2026-04-28T16:26:35.380-03:00  INFO 11568 --- [BackendCelarisDis] [RMI TCP Connection(44)-127.0.0.1] o.s.boot.tomcat.GracefulShutdown         : Commencing graceful shutdown. Waiting for active requests to complete
2026-04-28T16:26:35.663-03:00  INFO 11568 --- [BackendCelarisDis] [tomcat-shutdown] o.s.boot.tomcat.GracefulShutdown         : Graceful shutdown complete
2026-04-28T16:26:35.675-03:00  INFO 11568 --- [BackendCelarisDis] [RMI TCP Connection(44)-127.0.0.1] j.LocalContainerEntityManagerFactoryBean : Closing JPA EntityManagerFactory for persistence unit 'default'
2026-04-28T16:26:35.680-03:00  INFO 11568 --- [BackendCelarisDis] [RMI TCP Connection(44)-127.0.0.1] com.zaxxer.hikari.HikariDataSource       : HikariPool-1 - Shutdown initiated...
2026-04-28T16:26:35.682-03:00  INFO 11568 --- [BackendCelarisDis] [RMI TCP Connection(44)-127.0.0.1] com.zaxxer.hikari.HikariDataSource       : HikariPool-1 - Shutdown completed.
